idx,stratum,method,operator,comprehensiveness,sufficiency
230,high_confidence_correct,raw_attention,mask,0.17779551148414613,0.7464706271886825
230,high_confidence_correct,raw_attention,delete,0.060157608985900876,0.20705294609069824
230,high_confidence_correct,attention_rollout,mask,0.15323284268379211,0.6693652987480163
230,high_confidence_correct,attention_rollout,delete,0.11156629323959351,0.1606638491153717
230,high_confidence_correct,integrated_gradients,mask,0.19834114909172057,0.6555554866790771
230,high_confidence_correct,integrated_gradients,delete,0.11187429428100586,0.10856252908706665
230,high_confidence_correct,chefer_relevance,mask,0.3416632890701294,0.682563042640686
230,high_confidence_correct,chefer_relevance,delete,0.2145303726196289,0.1029894232749939
230,high_confidence_correct,random,mask,0.024311375617980958,0.7581681132316589
230,high_confidence_correct,random,delete,0.010913372039794922,0.2019830286502838
294,high_confidence_correct,raw_attention,mask,0.17127494215965272,0.6375167459249497
294,high_confidence_correct,raw_attention,delete,0.08972491025924682,0.09164811372756958
294,high_confidence_correct,attention_rollout,mask,0.1611379086971283,0.626361095905304
294,high_confidence_correct,attention_rollout,delete,0.10826528072357178,0.06985322237014771
294,high_confidence_correct,integrated_gradients,mask,0.3269207239151001,0.6176810562610626
294,high_confidence_correct,integrated_gradients,delete,0.2302838921546936,0.06500188112258912
294,high_confidence_correct,chefer_relevance,mask,0.3344081163406372,0.6184487819671631
294,high_confidence_correct,chefer_relevance,delete,0.18378375768661498,0.08390405178070068
294,high_confidence_correct,random,mask,0.03872218132019043,0.6467734277248383
294,high_confidence_correct,random,delete,0.008345973491668702,0.2552525520324707
143,high_confidence_correct,raw_attention,mask,0.15770337581634522,0.6168210804462433
143,high_confidence_correct,raw_attention,delete,0.04720175266265869,0.12346084117889404
143,high_confidence_correct,attention_rollout,mask,0.11801716089248657,0.6209489464759826
143,high_confidence_correct,attention_rollout,delete,0.08413926362991334,0.09135732650756836
143,high_confidence_correct,integrated_gradients,mask,0.18989982604980468,0.620455539226532
143,high_confidence_correct,integrated_gradients,delete,0.06951909065246582,0.047626936435699464
143,high_confidence_correct,chefer_relevance,mask,0.23194310665130616,0.6163288533687592
143,high_confidence_correct,chefer_relevance,delete,0.07995392084121704,0.025194740295410155
143,high_confidence_correct,random,mask,0.019699597358703615,0.6640593916177749
143,high_confidence_correct,random,delete,0.007485151290893555,0.3973474383354187
471,high_confidence_correct,raw_attention,mask,0.11236945390701295,0.6410331934690475
471,high_confidence_correct,raw_attention,delete,0.08678585290908813,0.09273068904876709
471,high_confidence_correct,attention_rollout,mask,0.14965423941612244,0.6394330203533173
471,high_confidence_correct,attention_rollout,delete,0.10377594232559204,0.13853857517242432
471,high_confidence_correct,integrated_gradients,mask,0.24995096921920776,0.6203569144010543
471,high_confidence_correct,integrated_gradients,delete,0.24967992901802064,0.11033362150192261
471,high_confidence_correct,chefer_relevance,mask,0.21886928081512452,0.6192695081233979
471,high_confidence_correct,chefer_relevance,delete,0.2909370183944702,0.1471956968307495
471,high_confidence_correct,random,mask,0.013508403301239013,0.6854087054729462
471,high_confidence_correct,random,delete,0.0017104148864746094,0.30124799609184266
438,high_confidence_correct,raw_attention,mask,0.1724902629852295,0.7499523401260376
438,high_confidence_correct,raw_attention,delete,0.0702054262161255,0.23129248023033142
438,high_confidence_correct,attention_rollout,mask,0.12228742241859436,0.6665447384119034
438,high_confidence_correct,attention_rollout,delete,0.03410460948944092,0.20677485466003417
438,high_confidence_correct,integrated_gradients,mask,0.16651661396026612,0.6690462440252304
438,high_confidence_correct,integrated_gradients,delete,0.11314185857772827,0.11165484189987182
438,high_confidence_correct,chefer_relevance,mask,0.17684069871902466,0.7637469589710235
438,high_confidence_correct,chefer_relevance,delete,0.0690482497215271,0.290727436542511
438,high_confidence_correct,random,mask,0.04513826370239258,0.7776383996009827
438,high_confidence_correct,random,delete,0.022761428356170656,0.2901491165161133
566,high_confidence_correct,raw_attention,mask,0.1265382170677185,0.6239958018064499
566,high_confidence_correct,raw_attention,delete,0.09171876907348633,0.07455166578292846
566,high_confidence_correct,attention_rollout,mask,0.10558332204818725,0.6191798001527786
566,high_confidence_correct,attention_rollout,delete,0.0911744475364685,0.14422001242637633
566,high_confidence_correct,integrated_gradients,mask,0.214317786693573,0.6244333118200303
566,high_confidence_correct,integrated_gradients,delete,0.13255140781402588,0.16740165948867797
566,high_confidence_correct,chefer_relevance,mask,0.21013906598091125,0.6196539551019669
566,high_confidence_correct,chefer_relevance,delete,0.12751660346984864,0.055829751491546634
566,high_confidence_correct,random,mask,0.01752638816833496,0.6423112094402313
566,high_confidence_correct,random,delete,0.0012054443359375,0.38455815315246583
598,high_confidence_correct,raw_attention,mask,0.12784364223480224,0.6981496810913086
598,high_confidence_correct,raw_attention,delete,0.20443564057350158,0.19742603302001954
598,high_confidence_correct,attention_rollout,mask,0.08597174882888795,0.6606839656829834
598,high_confidence_correct,attention_rollout,delete,0.10423535108566284,0.25787211656570436
598,high_confidence_correct,integrated_gradients,mask,0.2536952316761017,0.6521505177021026
598,high_confidence_correct,integrated_gradients,delete,0.22355349063873292,0.10131226778030396
598,high_confidence_correct,chefer_relevance,mask,0.21319499015808105,0.6680973261594773
598,high_confidence_correct,chefer_relevance,delete,0.20974098443984984,0.06350276470184327
598,high_confidence_correct,random,mask,0.024635207653045655,0.6807787388563156
598,high_confidence_correct,random,delete,0.013601577281951905,0.25120890736579893
209,high_confidence_correct,raw_attention,mask,0.14090583324432374,0.6398600220680237
209,high_confidence_correct,raw_attention,delete,0.1437901020050049,0.10871230363845825
209,high_confidence_correct,attention_rollout,mask,0.1337910532951355,0.632164654135704
209,high_confidence_correct,attention_rollout,delete,0.04481292963027954,0.34140645861625674
209,high_confidence_correct,integrated_gradients,mask,0.13950520753860474,0.6210636079311371
209,high_confidence_correct,integrated_gradients,delete,0.11617922782897949,0.13802963495254517
209,high_confidence_correct,chefer_relevance,mask,0.21379296779632567,0.6253055453300476
209,high_confidence_correct,chefer_relevance,delete,0.11885485649108887,0.03925069570541382
209,high_confidence_correct,random,mask,0.049433326721191405,0.6422370642423629
209,high_confidence_correct,random,delete,0.010151207447052002,0.31706138253211974
552,high_confidence_correct,raw_attention,mask,0.18796378374099731,0.7105010390281677
552,high_confidence_correct,raw_attention,delete,0.22766698598861695,0.24794222712516784
552,high_confidence_correct,attention_rollout,mask,0.22111642956733704,0.6649914681911469
552,high_confidence_correct,attention_rollout,delete,0.24037549793720245,0.19289417266845704
552,high_confidence_correct,integrated_gradients,mask,0.29443342685699464,0.6445901155471802
552,high_confidence_correct,integrated_gradients,delete,0.4593648284673691,0.04346446990966797
552,high_confidence_correct,chefer_relevance,mask,0.31377982497215273,0.6931320816278458
552,high_confidence_correct,chefer_relevance,delete,0.39840821027755735,0.29061560034751893
552,high_confidence_correct,random,mask,0.1249298870563507,0.6812188476324081
552,high_confidence_correct,random,delete,0.13556523323059083,0.19357799291610717
40,high_confidence_correct,raw_attention,mask,0.24523016214370727,0.6249615699052811
40,high_confidence_correct,raw_attention,delete,0.07274324893951416,0.29311145544052125
40,high_confidence_correct,attention_rollout,mask,0.21745726466178894,0.6329668521881103
40,high_confidence_correct,attention_rollout,delete,0.03518215417861938,0.08621805906295776
40,high_confidence_correct,integrated_gradients,mask,0.31264888644218447,0.6266230493783951
40,high_confidence_correct,integrated_gradients,delete,0.21334192752838135,0.17000242471694946
40,high_confidence_correct,chefer_relevance,mask,0.33608404695987704,0.6171383142471314
40,high_confidence_correct,chefer_relevance,delete,0.07440621852874756,0.07692136764526367
40,high_confidence_correct,random,mask,0.0764783501625061,0.7120301604270936
40,high_confidence_correct,random,delete,0.026330506801605223,0.5938773393630982
207,high_confidence_correct,raw_attention,mask,0.1587884545326233,0.6652534782886506
207,high_confidence_correct,raw_attention,delete,0.06244926452636719,0.18435810804367064
207,high_confidence_correct,attention_rollout,mask,0.14511706829071044,0.6409576505422592
207,high_confidence_correct,attention_rollout,delete,0.0810010313987732,0.19017178416252137
207,high_confidence_correct,integrated_gradients,mask,0.23921032547950744,0.6244829356670379
207,high_confidence_correct,integrated_gradients,delete,0.19637855291366577,0.040695786476135254
207,high_confidence_correct,chefer_relevance,mask,0.25125572681427,0.6317026793956757
207,high_confidence_correct,chefer_relevance,delete,0.2957181096076965,0.09517189264297485
207,high_confidence_correct,random,mask,0.03328948020935059,0.6503747940063477
207,high_confidence_correct,random,delete,0.005679190158843994,0.28590108156204225
365,high_confidence_correct,raw_attention,mask,0.16790075302124025,0.6500760912895203
365,high_confidence_correct,raw_attention,delete,0.11433782577514648,0.19236307740211486
365,high_confidence_correct,attention_rollout,mask,0.1467578887939453,0.6455576479434967
365,high_confidence_correct,attention_rollout,delete,0.04811791181564331,0.11392832994461059
365,high_confidence_correct,integrated_gradients,mask,0.17585879564285278,0.6303553432226181
365,high_confidence_correct,integrated_gradients,delete,0.0549221396446228,0.05846983194351196
365,high_confidence_correct,chefer_relevance,mask,0.21712056994438172,0.6498965561389923
365,high_confidence_correct,chefer_relevance,delete,0.11151412725448609,0.026544845104217528
365,high_confidence_correct,random,mask,0.04377434253692627,0.6661133021116257
365,high_confidence_correct,random,delete,0.02937922477722168,0.26294100284576416
271,high_confidence_correct,raw_attention,mask,0.14588693976402284,0.6824168026447296
271,high_confidence_correct,raw_attention,delete,0.017649495601654054,0.12571935653686522
271,high_confidence_correct,attention_rollout,mask,0.14690510034561158,0.6742796063423157
271,high_confidence_correct,attention_rollout,delete,0.0835808515548706,0.1335088014602661
271,high_confidence_correct,integrated_gradients,mask,0.1444086730480194,0.6737813621759414
271,high_confidence_correct,integrated_gradients,delete,0.10126475095748902,0.12044492959976197
271,high_confidence_correct,chefer_relevance,mask,0.16491474509239196,0.6681933164596557
271,high_confidence_correct,chefer_relevance,delete,0.025297296047210694,0.07680892944335938
271,high_confidence_correct,random,mask,0.11370353698730469,0.6853563964366913
271,high_confidence_correct,random,delete,0.03958059549331665,0.4424295127391815
263,high_confidence_correct,raw_attention,mask,0.1413524329662323,0.7517054319381714
263,high_confidence_correct,raw_attention,delete,0.08493728637695312,0.12696200609207153
263,high_confidence_correct,attention_rollout,mask,0.14640464186668395,0.7409829765558242
263,high_confidence_correct,attention_rollout,delete,0.10206762552261353,0.20421642065048218
263,high_confidence_correct,integrated_gradients,mask,0.13836113810539247,0.6906981378793716
263,high_confidence_correct,integrated_gradients,delete,0.10375287532806396,0.1953887939453125
263,high_confidence_correct,chefer_relevance,mask,0.18894093632698059,0.6927610784769058
263,high_confidence_correct,chefer_relevance,delete,0.20665886998176575,0.08085001707077026
263,high_confidence_correct,random,mask,0.1354674994945526,0.7867881476879119
263,high_confidence_correct,random,delete,0.07908322811126708,0.3316858530044556
1,high_confidence_correct,raw_attention,mask,0.1310288429260254,0.7006495833396912
1,high_confidence_correct,raw_attention,delete,0.13182843923568727,0.14490797519683837
1,high_confidence_correct,attention_rollout,mask,0.13410489559173583,0.6461324751377105
1,high_confidence_correct,attention_rollout,delete,0.0303253173828125,0.3721765518188477
1,high_confidence_correct,integrated_gradients,mask,0.2602886915206909,0.6403334379196167
1,high_confidence_correct,integrated_gradients,delete,0.23322516679763794,0.027085590362548827
1,high_confidence_correct,chefer_relevance,mask,0.20771989226341248,0.6289382874965668
1,high_confidence_correct,chefer_relevance,delete,0.2637800097465515,0.2126205086708069
1,high_confidence_correct,random,mask,0.051845085620880124,0.682236984372139
1,high_confidence_correct,random,delete,0.07217527627944946,0.35689212679862975
68,high_confidence_correct,raw_attention,mask,0.26262614130973816,0.6517081409692764
68,high_confidence_correct,raw_attention,delete,0.18138466477394105,0.16200021505355836
68,high_confidence_correct,attention_rollout,mask,0.19811686873435974,0.6206411898136139
68,high_confidence_correct,attention_rollout,delete,0.12729402184486388,0.05737206935882568
68,high_confidence_correct,integrated_gradients,mask,0.3659574329853058,0.6218396008014679
68,high_confidence_correct,integrated_gradients,delete,0.278729173541069,0.08377838134765625
68,high_confidence_correct,chefer_relevance,mask,0.3996235400438309,0.6245174825191497
68,high_confidence_correct,chefer_relevance,delete,0.30880088806152345,0.07185503244400024
68,high_confidence_correct,random,mask,0.04050344228744507,0.6605434030294418
68,high_confidence_correct,random,delete,0.03993721008300781,0.3672710478305817
127,high_confidence_correct,raw_attention,mask,0.2460341513156891,0.6514706939458847
127,high_confidence_correct,raw_attention,delete,0.1351885437965393,0.15259103775024413
127,high_confidence_correct,attention_rollout,mask,0.1446465313434601,0.6402448445558548
127,high_confidence_correct,attention_rollout,delete,0.10277165174484253,0.16955503225326538
127,high_confidence_correct,integrated_gradients,mask,0.3263978898525238,0.6259638875722885
127,high_confidence_correct,integrated_gradients,delete,0.2664481997489929,0.04598079919815064
127,high_confidence_correct,chefer_relevance,mask,0.29903870820999146,0.6297759562730789
127,high_confidence_correct,chefer_relevance,delete,0.2836519479751587,0.08883391618728638
127,high_confidence_correct,random,mask,0.06197822093963623,0.6509331166744232
127,high_confidence_correct,random,delete,0.0473400354385376,0.11705145835876465
306,high_confidence_correct,raw_attention,mask,0.12378856539726257,0.6382520586252213
306,high_confidence_correct,raw_attention,delete,0.06837273836135864,0.3553373575210571
306,high_confidence_correct,attention_rollout,mask,0.12712135314941406,0.6337710440158844
306,high_confidence_correct,attention_rollout,delete,0.06540495157241821,0.29878738820552825
306,high_confidence_correct,integrated_gradients,mask,0.13908649682998658,0.6191948771476745
306,high_confidence_correct,integrated_gradients,delete,0.1220996618270874,0.14036686420440675
306,high_confidence_correct,chefer_relevance,mask,0.3172010719776154,0.62710622549057
306,high_confidence_correct,chefer_relevance,delete,0.3137614011764526,0.10626914501190185
306,high_confidence_correct,random,mask,0.11095547676086426,0.6520937889814377
306,high_confidence_correct,random,delete,0.07228266000747681,0.27192229628562925
390,high_confidence_correct,raw_attention,mask,0.12718992233276366,0.6291309803724289
390,high_confidence_correct,raw_attention,delete,0.088351571559906,0.29954575896263125
390,high_confidence_correct,attention_rollout,mask,0.11348839998245239,0.6233496278524399
390,high_confidence_correct,attention_rollout,delete,0.1653551936149597,0.18874192237854004
390,high_confidence_correct,integrated_gradients,mask,0.22225282788276673,0.6197696894407272
390,high_confidence_correct,integrated_gradients,delete,0.1961566388607025,0.05353473424911499
390,high_confidence_correct,chefer_relevance,mask,0.24072157144546508,0.626725834608078
390,high_confidence_correct,chefer_relevance,delete,0.199654221534729,0.09520984888076782
390,high_confidence_correct,random,mask,0.022881758213043214,0.6297532498836518
390,high_confidence_correct,random,delete,0.013630163669586182,0.2333931028842926
395,high_confidence_correct,raw_attention,mask,0.10569212436676026,0.6447531878948212
395,high_confidence_correct,raw_attention,delete,0.039963948726654056,0.1283753275871277
395,high_confidence_correct,attention_rollout,mask,0.08819152116775512,0.629776656627655
395,high_confidence_correct,attention_rollout,delete,0.044247984886169434,0.11567103862762451
395,high_confidence_correct,integrated_gradients,mask,0.1517643451690674,0.6423912316560745
395,high_confidence_correct,integrated_gradients,delete,0.037830579280853274,0.05040683746337891
395,high_confidence_correct,chefer_relevance,mask,0.15276828408241272,0.6167894572019577
395,high_confidence_correct,chefer_relevance,delete,0.08003695011138916,0.10370672941207885
395,high_confidence_correct,random,mask,0.03965016603469849,0.650764262676239
395,high_confidence_correct,random,delete,0.01875195503234863,0.1603025197982788
165,low_confidence_correct,raw_attention,mask,-0.17931894659996034,0.2583296835422516
165,low_confidence_correct,raw_attention,delete,-0.11701397895812989,-0.011554309725761413
165,low_confidence_correct,attention_rollout,mask,-0.02246900796890259,0.22519607245922088
165,low_confidence_correct,attention_rollout,delete,-0.04573352932929993,-0.07856900095939637
165,low_confidence_correct,integrated_gradients,mask,-0.015390780568122864,0.17234854102134706
165,low_confidence_correct,integrated_gradients,delete,0.25597951710224154,-0.2509026348590851
165,low_confidence_correct,chefer_relevance,mask,0.06234652698040009,0.20675646960735322
165,low_confidence_correct,chefer_relevance,delete,0.05744978189468384,-0.1628519594669342
165,low_confidence_correct,random,mask,-0.07842034101486206,0.2730791926383972
165,low_confidence_correct,random,delete,-0.07078522443771362,0.209212526679039
520,low_confidence_correct,raw_attention,mask,-0.01578388810157776,-0.25004148483276367
520,low_confidence_correct,raw_attention,delete,-0.13087179660797119,-0.08324879109859466
520,low_confidence_correct,attention_rollout,mask,-0.13994548320770264,-0.21885806322097778
520,low_confidence_correct,attention_rollout,delete,-0.2270787000656128,0.15721121281385422
520,low_confidence_correct,integrated_gradients,mask,0.09073116779327392,-0.2577651858329773
520,low_confidence_correct,integrated_gradients,delete,0.29311514208093287,-0.13456701636314392
520,low_confidence_correct,chefer_relevance,mask,0.221312852576375,-0.2527026891708374
520,low_confidence_correct,chefer_relevance,delete,0.08875601403415204,-0.2674676179885864
520,low_confidence_correct,random,mask,0.0758233368396759,-0.2264754056930542
520,low_confidence_correct,random,delete,0.16310997307300568,-0.06152966022491455
612,low_confidence_correct,raw_attention,mask,-0.1485586404800415,-0.26563591957092286
612,low_confidence_correct,raw_attention,delete,-0.18865521550178527,-0.016451838612556457
612,low_confidence_correct,attention_rollout,mask,-0.22046629190444947,-0.28141342401504515
612,low_confidence_correct,attention_rollout,delete,-0.14290469288825988,0.010109467804431916
612,low_confidence_correct,integrated_gradients,mask,0.1319088816642761,-0.2666316509246826
612,low_confidence_correct,integrated_gradients,delete,0.10324585437774658,-0.28831084370613097
612,low_confidence_correct,chefer_relevance,mask,0.06520644426345826,-0.27545604705810545
612,low_confidence_correct,chefer_relevance,delete,-0.10627594590187073,-0.094935542345047
612,low_confidence_correct,random,mask,0.013992053270339967,-0.18698471784591675
612,low_confidence_correct,random,delete,-0.11695858240127563,0.10612512677907944
9,low_confidence_correct,raw_attention,mask,-0.16042539477348328,0.2131634086370468
9,low_confidence_correct,raw_attention,delete,-0.06753448247909546,-0.027301916480064393
9,low_confidence_correct,attention_rollout,mask,-0.010803121328353881,0.19803982377052307
9,low_confidence_correct,attention_rollout,delete,-0.07382580637931824,-0.06655248403549194
9,low_confidence_correct,integrated_gradients,mask,-0.09530912041664123,0.17456440031528472
9,low_confidence_correct,integrated_gradients,delete,-0.022977733612060548,-0.16432865262031554
9,low_confidence_correct,chefer_relevance,mask,0.04695842862129211,0.19756074547767638
9,low_confidence_correct,chefer_relevance,delete,0.09569622874259949,-0.1476665735244751
9,low_confidence_correct,random,mask,-0.19139682054519652,0.18669799268245696
9,low_confidence_correct,random,delete,-0.0018802821636199952,-0.11057149767875671
69,low_confidence_correct,raw_attention,mask,-0.23529618978500366,-0.2569328427314758
69,low_confidence_correct,raw_attention,delete,-0.09273461699485779,0.15075479447841644
69,low_confidence_correct,attention_rollout,mask,-0.04486515522003174,-0.20935616493225098
69,low_confidence_correct,attention_rollout,delete,0.18016205430030824,-0.0001520499587059021
69,low_confidence_correct,integrated_gradients,mask,0.200850510597229,-0.2171369671821594
69,low_confidence_correct,integrated_gradients,delete,0.2953514039516449,-0.15407346189022064
69,low_confidence_correct,chefer_relevance,mask,0.16968947052955627,-0.24080004692077636
69,low_confidence_correct,chefer_relevance,delete,0.36469974741339684,-0.15657077431678773
69,low_confidence_correct,random,mask,0.03553118705749512,-0.13894524276256562
69,low_confidence_correct,random,delete,0.032958483695983885,0.23451754488050938
377,low_confidence_correct,raw_attention,mask,0.09380923211574554,0.3120037168264389
377,low_confidence_correct,raw_attention,delete,0.11862978041172027,-0.19979687929153442
377,low_confidence_correct,attention_rollout,mask,0.009516781568527222,0.24763781130313872
377,low_confidence_correct,attention_rollout,delete,-0.03612552285194397,-0.01702343821525574
377,low_confidence_correct,integrated_gradients,mask,0.07461505532264709,0.23733539283275604
377,low_confidence_correct,integrated_gradients,delete,0.019150099158287047,-0.19057104587554932
377,low_confidence_correct,chefer_relevance,mask,0.03672802448272705,0.2515394926071167
377,low_confidence_correct,chefer_relevance,delete,0.08758410066366196,-0.30216575860977174
377,low_confidence_correct,random,mask,-0.013067036867141724,0.23363807797431946
377,low_confidence_correct,random,delete,-0.08019336462020873,0.010828828811645508
144,low_confidence_correct,raw_attention,mask,-0.07430312037467957,0.2601517766714096
144,low_confidence_correct,raw_attention,delete,-0.06478639245033264,0.19394603967666627
144,low_confidence_correct,attention_rollout,mask,0.09657424688339233,0.20868877768516542
144,low_confidence_correct,attention_rollout,delete,0.13074053525924684,-0.08813056349754333
144,low_confidence_correct,integrated_gradients,mask,0.11293179392814637,0.2053329586982727
144,low_confidence_correct,integrated_gradients,delete,0.28333124816417693,-0.01935352385044098
144,low_confidence_correct,chefer_relevance,mask,0.2667718917131424,0.27076037526130675
144,low_confidence_correct,chefer_relevance,delete,0.2908951699733734,0.10505909323692322
144,low_confidence_correct,random,mask,0.07409923672676086,0.28011612594127655
144,low_confidence_correct,random,delete,0.2138666808605194,0.11871276497840881
501,low_confidence_correct,raw_attention,mask,0.2219717800617218,-0.2224849581718445
501,low_confidence_correct,raw_attention,delete,0.26273715049028395,0.07328828871250152
501,low_confidence_correct,attention_rollout,mask,-0.09103589057922364,-0.20457736253738404
501,low_confidence_correct,attention_rollout,delete,0.06671251058578491,0.13155785202980042
501,low_confidence_correct,integrated_gradients,mask,0.15229839086532593,-0.2329947829246521
501,low_confidence_correct,integrated_gradients,delete,0.012718752026557922,-0.023817461729049683
501,low_confidence_correct,chefer_relevance,mask,0.24402401447296143,-0.2517565727233887
501,low_confidence_correct,chefer_relevance,delete,0.2787589870393276,0.03295595049858093
501,low_confidence_correct,random,mask,0.10180019736289977,-0.21393814086914062
501,low_confidence_correct,random,delete,0.06620465517044068,0.3542509496212006
565,low_confidence_correct,raw_attention,mask,-0.058720839023590085,-0.1737978160381317
565,low_confidence_correct,raw_attention,delete,0.11920785903930664,0.0013564646244049073
565,low_confidence_correct,attention_rollout,mask,-0.09708206057548523,-0.13616334795951843
565,low_confidence_correct,attention_rollout,delete,0.07491344809532166,0.36827647835016253
565,low_confidence_correct,integrated_gradients,mask,0.4489577548578382,-0.22652729749679565
565,low_confidence_correct,integrated_gradients,delete,0.4919042614288628,-0.16575324535369873
565,low_confidence_correct,chefer_relevance,mask,0.15214309990406036,-0.19904927015304566
565,low_confidence_correct,chefer_relevance,delete,0.3097639910876751,-0.1554795026779175
565,low_confidence_correct,random,mask,0.09187824130058289,-0.12597591280937195
565,low_confidence_correct,random,delete,0.02557118535041809,0.09265144169330597
407,low_confidence_correct,raw_attention,mask,-0.2245011329650879,-0.2262475609779358
407,low_confidence_correct,raw_attention,delete,0.06517980098724366,0.24837073385715486
407,low_confidence_correct,attention_rollout,mask,-0.11178191304206848,-0.24629145860671997
407,low_confidence_correct,attention_rollout,delete,0.26245627999305726,0.04396218955516815
407,low_confidence_correct,integrated_gradients,mask,0.03496758341789245,-0.24791556596755981
407,low_confidence_correct,integrated_gradients,delete,0.15769217312335967,0.04412317872047424
407,low_confidence_correct,chefer_relevance,mask,-0.1423824906349182,-0.2474413275718689
407,low_confidence_correct,chefer_relevance,delete,0.05091208815574646,0.2187017470598221
407,low_confidence_correct,random,mask,-0.08243284225463868,-0.26878424882888796
407,low_confidence_correct,random,delete,-0.08765777349472045,0.2723027318716049
400,low_confidence_correct,raw_attention,mask,0.19690281972289086,-0.2003359317779541
400,low_confidence_correct,raw_attention,delete,0.07570804059505462,0.16122431457042694
400,low_confidence_correct,attention_rollout,mask,0.062136808037757875,-0.21224380731582643
400,low_confidence_correct,attention_rollout,delete,-0.1173443078994751,0.2677916169166565
400,low_confidence_correct,integrated_gradients,mask,0.3290348552167416,-0.22669198513031005
400,low_confidence_correct,integrated_gradients,delete,0.03136622905731201,-0.06619527339935302
400,low_confidence_correct,chefer_relevance,mask,0.30009058527648447,-0.20675047636032104
400,low_confidence_correct,chefer_relevance,delete,0.14073675572872163,0.265608549118042
400,low_confidence_correct,random,mask,0.19849830716848374,-0.24386698007583618
400,low_confidence_correct,random,delete,0.08582305908203125,0.20768256187438966
462,low_confidence_correct,raw_attention,mask,0.1327732928097248,-0.2068430781364441
462,low_confidence_correct,raw_attention,delete,0.08770687282085418,0.014379283785820008
462,low_confidence_correct,attention_rollout,mask,-0.004886531829833984,-0.16643463373184203
462,low_confidence_correct,attention_rollout,delete,0.09547771215438842,0.14946779608726501
462,low_confidence_correct,integrated_gradients,mask,0.2939235452562571,-0.20533206462860107
462,low_confidence_correct,integrated_gradients,delete,0.33173683350905775,0.18940939307212828
462,low_confidence_correct,chefer_relevance,mask,0.2554152928292751,-0.1847162961959839
462,low_confidence_correct,chefer_relevance,delete,0.4570091917179525,-0.2525995135307312
462,low_confidence_correct,random,mask,0.07186036705970764,-0.15863755941390992
462,low_confidence_correct,random,delete,0.1581254243850708,0.23283052444458008
660,low_confidence_correct,raw_attention,mask,0.08596492409706116,0.2957425504922867
660,low_confidence_correct,raw_attention,delete,0.006125342845916748,0.21123324036598207
660,low_confidence_correct,attention_rollout,mask,0.29504169672727587,0.2790397882461548
660,low_confidence_correct,attention_rollout,delete,0.15512670576572418,-0.1572815179824829
660,low_confidence_correct,integrated_gradients,mask,0.2774348795413971,0.22783100605010986
660,low_confidence_correct,integrated_gradients,delete,0.3819078393280506,-0.19751914739608764
660,low_confidence_correct,chefer_relevance,mask,0.30045579075813295,0.28926078975200653
660,low_confidence_correct,chefer_relevance,delete,0.27404905408620833,0.0031667172908782957
660,low_confidence_correct,random,mask,0.20723017454147338,0.25237719118595126
660,low_confidence_correct,random,delete,-0.0014833331108093262,0.018197101354599
252,low_confidence_correct,raw_attention,mask,-0.0474263846874237,-0.21574126482009887
252,low_confidence_correct,raw_attention,delete,0.12267697677016258,-0.02277736961841583
252,low_confidence_correct,attention_rollout,mask,-0.08290001153945922,-0.13750733137130738
252,low_confidence_correct,attention_rollout,delete,0.0012181639671325684,0.306595129519701
252,low_confidence_correct,integrated_gradients,mask,0.4113034101203084,-0.20509780645370485
252,low_confidence_correct,integrated_gradients,delete,0.4529700859449804,-0.16899353563785552
252,low_confidence_correct,chefer_relevance,mask,0.23890697779133915,-0.2117168664932251
252,low_confidence_correct,chefer_relevance,delete,0.4131198860704899,-0.28912278413772585
252,low_confidence_correct,random,mask,0.00338822603225708,-0.13027303218841552
252,low_confidence_correct,random,delete,0.04809375405311585,0.04306893348693848
465,low_confidence_correct,raw_attention,mask,0.16995922327041627,-0.1563301920890808
465,low_confidence_correct,raw_attention,delete,0.3934769037179649,0.03714251518249512
465,low_confidence_correct,attention_rollout,mask,0.052743375301361084,-0.1638971447944641
465,low_confidence_correct,attention_rollout,delete,0.0052354872226715084,0.26232967972755433
465,low_confidence_correct,integrated_gradients,mask,0.4300802320241928,-0.21693354845046997
465,low_confidence_correct,integrated_gradients,delete,0.4213724186643958,0.14304858446121216
465,low_confidence_correct,chefer_relevance,mask,0.31919724978506564,-0.17833895683288575
465,low_confidence_correct,chefer_relevance,delete,0.44444209039211274,-0.17262023091316223
465,low_confidence_correct,random,mask,0.11730899810791015,-0.12046100497245789
465,low_confidence_correct,random,delete,0.052522081136703494,0.07334722876548767
526,low_confidence_correct,raw_attention,mask,0.06531375646591187,-0.1690650463104248
526,low_confidence_correct,raw_attention,delete,0.2460164800286293,0.14731577038764954
526,low_confidence_correct,attention_rollout,mask,-0.10854459404945374,-0.11116122603416442
526,low_confidence_correct,attention_rollout,delete,-0.11138531565666199,0.41695587038993837
526,low_confidence_correct,integrated_gradients,mask,0.2643733754754066,-0.15334923267364503
526,low_confidence_correct,integrated_gradients,delete,0.3855581654235721,0.043720459938049315
526,low_confidence_correct,chefer_relevance,mask,0.17822011858224868,-0.17425117492675782
526,low_confidence_correct,chefer_relevance,delete,0.44392189672216775,-0.015678161382675172
526,low_confidence_correct,random,mask,0.021419358253479005,-0.15141186714172364
526,low_confidence_correct,random,delete,0.04048807621002197,0.1706264853477478
475,low_confidence_correct,raw_attention,mask,-0.05087513625621796,-0.19305593967437745
475,low_confidence_correct,raw_attention,delete,-0.03329416215419769,0.014774629473686218
475,low_confidence_correct,attention_rollout,mask,-0.11424683332443238,-0.1877172350883484
475,low_confidence_correct,attention_rollout,delete,-0.1340038299560547,0.24898698329925537
475,low_confidence_correct,integrated_gradients,mask,0.42923665791749954,-0.19594684839248658
475,low_confidence_correct,integrated_gradients,delete,0.3750262467190623,-0.15974903106689453
475,low_confidence_correct,chefer_relevance,mask,0.26852770186960695,-0.18904359340667726
475,low_confidence_correct,chefer_relevance,delete,0.35567987859249117,-0.24941920042037963
475,low_confidence_correct,random,mask,-0.07488474845886231,-0.1637413740158081
475,low_confidence_correct,random,delete,-0.27245029211044314,0.26549123376607897
104,low_confidence_correct,raw_attention,mask,0.1458747148513794,-0.16420520544052125
104,low_confidence_correct,raw_attention,delete,0.030657568573951723,0.16109740138053893
104,low_confidence_correct,attention_rollout,mask,0.0854956865310669,-0.11957750320434571
104,low_confidence_correct,attention_rollout,delete,0.006038445234298706,0.31654717326164244
104,low_confidence_correct,integrated_gradients,mask,0.11844886541366577,-0.17977871894836425
104,low_confidence_correct,integrated_gradients,delete,0.2909556843340397,0.21434047371149062
104,low_confidence_correct,chefer_relevance,mask,0.2153451159596443,-0.16319917440414428
104,low_confidence_correct,chefer_relevance,delete,0.3936492268927395,-0.07256721258163452
104,low_confidence_correct,random,mask,0.20314929485321045,-0.16912223100662233
104,low_confidence_correct,random,delete,0.12181676030158997,0.14218731820583344
334,low_confidence_correct,raw_attention,mask,0.21573946475982667,-0.08704771399497986
334,low_confidence_correct,raw_attention,delete,0.29324318170547486,0.23622237145900726
334,low_confidence_correct,attention_rollout,mask,0.09824748635292054,-0.09857106804847718
334,low_confidence_correct,attention_rollout,delete,0.20545733869075775,0.37454731315374373
334,low_confidence_correct,integrated_gradients,mask,0.3108311340212822,-0.1440500020980835
334,low_confidence_correct,integrated_gradients,delete,0.37809561789035795,0.25502902269363403
334,low_confidence_correct,chefer_relevance,mask,0.2614805996417999,-0.10751120448112488
334,low_confidence_correct,chefer_relevance,delete,0.44839742630720136,0.34555319249629973
334,low_confidence_correct,random,mask,0.22922232151031494,-0.09573076367378235
334,low_confidence_correct,random,delete,0.2808831363916397,0.37855277955532074
134,low_confidence_correct,raw_attention,mask,0.2663967669010162,-0.10050798058509827
134,low_confidence_correct,raw_attention,delete,0.15411511659622193,0.3903224229812622
134,low_confidence_correct,attention_rollout,mask,0.06804282665252685,-0.08963305950164795
134,low_confidence_correct,attention_rollout,delete,0.04045506119728089,0.3279092967510223
134,low_confidence_correct,integrated_gradients,mask,0.32383851408958436,-0.083835369348526
134,low_confidence_correct,integrated_gradients,delete,0.23826628923416138,0.35188946723937986
134,low_confidence_correct,chefer_relevance,mask,0.3486027829349041,-0.11852248311042786
134,low_confidence_correct,chefer_relevance,delete,0.41651646271348,0.2061224400997162
134,low_confidence_correct,random,mask,0.18100897073745728,-0.0740850031375885
134,low_confidence_correct,random,delete,0.13000978231430055,0.20921465158462524
3,incorrect,raw_attention,mask,-0.10592433214187622,-0.10496323108673096
3,incorrect,raw_attention,delete,-0.14570434689521788,0.28180419504642484
3,incorrect,attention_rollout,mask,-0.028063321113586427,-0.08943276405334473
3,incorrect,attention_rollout,delete,-0.02706698179244995,0.18961126655340194
3,incorrect,integrated_gradients,mask,0.2379409819841385,-0.10392633676528931
3,incorrect,integrated_gradients,delete,0.24654819667339326,0.01813989281654358
3,incorrect,chefer_relevance,mask,-0.02273498773574829,-0.05013437271118164
3,incorrect,chefer_relevance,delete,0.03696219921112061,0.0406589925289154
3,incorrect,random,mask,0.051031839847564694,-0.07567089796066284
3,incorrect,random,delete,-0.0910073161125183,0.10980476140975952
7,incorrect,raw_attention,mask,0.011552572250366211,-0.16354950666427612
7,incorrect,raw_attention,delete,0.014050883054733277,0.08791239261627197
7,incorrect,attention_rollout,mask,-0.022150695323944092,-0.1322607398033142
7,incorrect,attention_rollout,delete,-0.005428177118301391,0.22534302175045012
7,incorrect,integrated_gradients,mask,0.19723986089229584,-0.18259917497634887
7,incorrect,integrated_gradients,delete,0.20824751257896423,-0.07719401121139527
7,incorrect,chefer_relevance,mask,0.17214721739292144,-0.1994943857192993
7,incorrect,chefer_relevance,delete,0.2661381378769875,0.018071046471595763
7,incorrect,random,mask,0.0414146363735199,-0.12170315384864808
7,incorrect,random,delete,-0.04592338800430298,0.2901660144329071
25,incorrect,raw_attention,mask,0.35758463144302366,0.15241858959197999
25,incorrect,raw_attention,delete,0.6174633231014013,0.2990133285522461
25,incorrect,attention_rollout,mask,0.12907013893127442,0.16228668689727782
25,incorrect,attention_rollout,delete,0.13011959791183472,0.538585501909256
25,incorrect,integrated_gradients,mask,0.30446107387542726,0.15222831964492797
25,incorrect,integrated_gradients,delete,0.48691643625497816,0.5142279684543609
25,incorrect,chefer_relevance,mask,0.5936752371490002,0.15136547088623048
25,incorrect,chefer_relevance,delete,0.6982457767240703,0.11033399105072021
25,incorrect,random,mask,0.12340039014816284,0.16006524562835694
25,incorrect,random,delete,0.022033059597015382,0.5314728707075119
30,incorrect,raw_attention,mask,0.00812613070011139,-0.19400174021720887
30,incorrect,raw_attention,delete,0.04002461135387421,0.2751659840345383
30,incorrect,attention_rollout,mask,-0.025738394260406493,-0.1720849573612213
30,incorrect,attention_rollout,delete,0.07877706885337829,0.22741733640432357
30,incorrect,integrated_gradients,mask,0.10466150641441345,-0.15165239870548247
30,incorrect,integrated_gradients,delete,0.07256751656532287,0.2884082913398743
30,incorrect,chefer_relevance,mask,0.0849679246544838,-0.1995386779308319
30,incorrect,chefer_relevance,delete,0.2901159092783928,0.0986217588186264
30,incorrect,random,mask,-0.001873558759689331,-0.14774200916290284
30,incorrect,random,delete,0.07060216665267945,0.2650597423315048
39,incorrect,raw_attention,mask,0.30366872549057006,0.09100052118301391
39,incorrect,raw_attention,delete,0.5011442542076111,0.20595117807388305
39,incorrect,attention_rollout,mask,0.07550952434539795,0.11360989809036255
39,incorrect,attention_rollout,delete,0.27951663732528687,0.46604689210653305
39,incorrect,integrated_gradients,mask,0.33190138936042785,0.1268142580986023
39,incorrect,integrated_gradients,delete,0.3617635488510132,0.3284464955329895
39,incorrect,chefer_relevance,mask,0.32047619223594664,0.08479825258255005
39,incorrect,chefer_relevance,delete,0.5854042045772075,0.07543938159942627
39,incorrect,random,mask,0.13825029134750366,0.14227473735809326
39,incorrect,random,delete,0.3751547634601593,0.3678134739398956
50,incorrect,raw_attention,mask,0.050007176399230954,-0.07802374362945556
50,incorrect,raw_attention,delete,0.1131727397441864,0.16067944169044496
50,incorrect,attention_rollout,mask,0.0025379776954650877,-0.0687852144241333
50,incorrect,attention_rollout,delete,0.017323654890060425,0.40340202748775483
50,incorrect,integrated_gradients,mask,0.5437964236363768,-0.10872644186019897
50,incorrect,integrated_gradients,delete,0.6740687569603324,0.05958150029182434
50,incorrect,chefer_relevance,mask,0.29644410833716395,-0.08199607133865357
50,incorrect,chefer_relevance,delete,0.5938338296487927,-0.1414589524269104
50,incorrect,random,mask,0.08494207859039307,-0.05647563934326172
50,incorrect,random,delete,0.40898578679189085,0.2680069446563721
54,incorrect,raw_attention,mask,0.09537586569786072,-0.22976890802383423
54,incorrect,raw_attention,delete,0.10634841918945312,-0.05523975491523743
54,incorrect,attention_rollout,mask,-0.016417914628982545,-0.2039990782737732
54,incorrect,attention_rollout,delete,0.03466175794601441,0.3058170512318611
54,incorrect,integrated_gradients,mask,0.09694616794586182,-0.20792858600616454
54,incorrect,integrated_gradients,delete,0.1571187674999237,0.06504789888858795
54,incorrect,chefer_relevance,mask,0.22292596399784087,-0.23370386362075807
54,incorrect,chefer_relevance,delete,0.2802475061267614,-0.11198142170906067
54,incorrect,random,mask,0.04271880984306335,-0.22513749599456787
54,incorrect,random,delete,0.10725178718566894,0.08264495730400086
58,incorrect,raw_attention,mask,0.06451179981231689,-0.22650200128555298
58,incorrect,raw_attention,delete,-0.031957614421844485,0.049806642532348636
58,incorrect,attention_rollout,mask,-0.08967146873474122,-0.233217990398407
58,incorrect,attention_rollout,delete,0.03357915878295899,0.13565084785223008
58,incorrect,integrated_gradients,mask,0.1303423225879669,-0.23738588094711305
58,incorrect,integrated_gradients,delete,0.09654833972454072,0.25908237397670747
58,incorrect,chefer_relevance,mask,0.11282301247119904,-0.21005223989486693
58,incorrect,chefer_relevance,delete,0.08646979928016663,0.11913371980190277
58,incorrect,random,mask,0.07071325778961182,-0.2406371831893921
58,incorrect,random,delete,-0.012046712636947631,0.218403160572052
59,incorrect,raw_attention,mask,0.17816399931907653,-0.17333495616912842
59,incorrect,raw_attention,delete,0.32629032880067826,0.019497394561767578
59,incorrect,attention_rollout,mask,-0.11430738568305969,-0.1947704315185547
59,incorrect,attention_rollout,delete,-0.11504755616188049,0.2670535296201706
59,incorrect,integrated_gradients,mask,0.4598922702483833,-0.2363858699798584
59,incorrect,integrated_gradients,delete,0.46465443167835474,-0.267439067363739
59,incorrect,chefer_relevance,mask,0.31899220030754805,-0.19261270761489868
59,incorrect,chefer_relevance,delete,0.39109274013899264,-0.1766587018966675
59,incorrect,random,mask,-0.05133795738220215,-0.13047553300857545
59,incorrect,random,delete,-0.07205516695976258,0.1714434029534459
70,incorrect,raw_attention,mask,0.22360377609729767,-0.20071128010749817
70,incorrect,raw_attention,delete,0.3253396341577172,0.24561506509780884
70,incorrect,attention_rollout,mask,-0.03205410242080688,-0.18893306851387023
70,incorrect,attention_rollout,delete,-0.055689936876296996,0.25851942896842955
70,incorrect,integrated_gradients,mask,0.379428075812757,-0.2606914281845093
70,incorrect,integrated_gradients,delete,0.3754315569065511,-0.05008220076560974
70,incorrect,chefer_relevance,mask,0.30319594889879226,-0.20702296495437622
70,incorrect,chefer_relevance,delete,0.3744113456457853,-0.0859188050031662
70,incorrect,random,mask,0.06915951371192933,-0.1253416895866394
70,incorrect,random,delete,-0.05661778897047043,0.08866236209869385
18,incorrect,raw_attention,mask,0.14673538208007814,0.31828554570674894
18,incorrect,raw_attention,delete,0.10410086810588837,-0.07401325702667236
18,incorrect,attention_rollout,mask,0.22458591759204866,0.32118133306503294
18,incorrect,attention_rollout,delete,0.12726687490940095,-0.11633907556533814
18,incorrect,integrated_gradients,mask,0.23554427325725555,0.2653089702129364
18,incorrect,integrated_gradients,delete,0.31185505986213685,-0.26745128631591797
18,incorrect,chefer_relevance,mask,0.3211984172463417,0.3025974899530411
18,incorrect,chefer_relevance,delete,0.17510710433125495,-0.21879761219024657
18,incorrect,random,mask,-0.05512822866439819,0.2914955824613571
18,incorrect,random,delete,-0.018974435329437257,0.01849619746208191
19,incorrect,raw_attention,mask,0.22431355714797974,0.42940914928913115
19,incorrect,raw_attention,delete,0.05864166021347046,0.15829383134841918
19,incorrect,attention_rollout,mask,0.2107724666595459,0.4346959114074707
19,incorrect,attention_rollout,delete,0.2318575769662857,-0.06006119847297668
19,incorrect,integrated_gradients,mask,0.3040123701095581,0.398551207780838
19,incorrect,integrated_gradients,delete,0.2883316159248352,-0.06841422319412231
19,incorrect,chefer_relevance,mask,0.41123299598693847,0.4203508228063583
19,incorrect,chefer_relevance,delete,0.2782429277896881,-0.0796888828277588
19,incorrect,random,mask,0.011646556854248046,0.41721036434173586
19,incorrect,random,delete,-0.05510843992233276,0.21090945601463318
23,incorrect,raw_attention,mask,-0.027453786134719847,0.40493474900722504
23,incorrect,raw_attention,delete,0.23629655838012695,0.04121589362621307
23,incorrect,attention_rollout,mask,0.03938544988632202,0.39774042963981626
23,incorrect,attention_rollout,delete,0.04706167578697205,0.031725364923477176
23,incorrect,integrated_gradients,mask,-0.06344592571258545,0.41970283091068267
23,incorrect,integrated_gradients,delete,-0.01806139349937439,0.00822136402130127
23,incorrect,chefer_relevance,mask,0.0461344450712204,0.44515607953071595
23,incorrect,chefer_relevance,delete,0.1618233561515808,0.059242308139801025
23,incorrect,random,mask,0.18930065035820007,0.43399272859096527
23,incorrect,random,delete,0.24585326611995698,-0.010694298148155212
42,incorrect,raw_attention,mask,0.2406645357608795,0.5824939906597137
42,incorrect,raw_attention,delete,0.3113391980528831,0.0922274112701416
42,incorrect,attention_rollout,mask,0.319443815946579,0.5549291938543319
42,incorrect,attention_rollout,delete,0.3520748496055603,0.014038527011871338
42,incorrect,integrated_gradients,mask,0.5241723030805587,0.5500413566827774
42,incorrect,integrated_gradients,delete,0.6634572364389897,-0.022189152240753175
42,incorrect,chefer_relevance,mask,0.4877093642950058,0.5828857868909836
42,incorrect,chefer_relevance,delete,0.5915690697729588,-0.04437408447265625
42,incorrect,random,mask,0.033669459819793704,0.6670395523309708
42,incorrect,random,delete,-0.032865071296691896,0.490975821018219
47,incorrect,raw_attention,mask,0.16068488359451294,0.47420474588871003
47,incorrect,raw_attention,delete,0.09152949452400208,0.01959916353225708
47,incorrect,attention_rollout,mask,0.2817244648933411,0.4425340354442596
47,incorrect,attention_rollout,delete,0.20089132487773895,-0.11067570447921753
47,incorrect,integrated_gradients,mask,0.34311969876289367,0.3998981773853302
47,incorrect,integrated_gradients,delete,0.3526501715183258,-0.15252516269683838
47,incorrect,chefer_relevance,mask,0.25012112259864805,0.4467419445514679
47,incorrect,chefer_relevance,delete,0.23642510175704956,-0.043900465965270995
47,incorrect,random,mask,-0.02966867685317993,0.45052020251750946
47,incorrect,random,delete,-0.03880940675735474,0.15144786834716797
55,incorrect,raw_attention,mask,0.24512596130371095,0.5508643746376037
55,incorrect,raw_attention,delete,0.3883035957813263,0.14950978755950928
55,incorrect,attention_rollout,mask,0.43154637366533277,0.5248309373855591
55,incorrect,attention_rollout,delete,0.4972826033830643,-0.03750547170639038
55,incorrect,integrated_gradients,mask,0.5398308068513871,0.48600982427597045
55,incorrect,integrated_gradients,delete,0.7266635142266751,-0.06132287979125976
55,incorrect,chefer_relevance,mask,0.5776463732123375,0.5327089071273804
55,incorrect,chefer_relevance,delete,0.6408787198364735,-0.1012225866317749
55,incorrect,random,mask,0.1158030867576599,0.584094962477684
55,incorrect,random,delete,0.32477219998836515,0.1400022029876709
71,incorrect,raw_attention,mask,0.048563587665557864,0.33479930460453033
71,incorrect,raw_attention,delete,-0.020668762922286987,-0.04286344647407532
71,incorrect,attention_rollout,mask,0.07243300080299378,0.33275726437568665
71,incorrect,attention_rollout,delete,-0.02654520273208618,-0.210232150554657
71,incorrect,integrated_gradients,mask,0.08688586950302124,0.32006047666072845
71,incorrect,integrated_gradients,delete,0.04566171169281006,-0.1475677490234375
71,incorrect,chefer_relevance,mask,0.1256381630897522,0.3184466242790222
71,incorrect,chefer_relevance,delete,0.06563951969146728,-0.12496626377105713
71,incorrect,random,mask,0.036159300804138185,0.317777219414711
71,incorrect,random,delete,0.006633538007736206,-0.07193610072135925
79,incorrect,raw_attention,mask,0.1647684842348099,0.48071417212486267
79,incorrect,raw_attention,delete,0.32878243625164033,0.15374886393547058
79,incorrect,attention_rollout,mask,0.2509190678596497,0.4503221333026886
79,incorrect,attention_rollout,delete,0.28985205888748167,-0.02038928270339966
79,incorrect,integrated_gradients,mask,0.23107842803001405,0.41897058188915254
79,incorrect,integrated_gradients,delete,0.5203442856669426,0.0030240774154663085
79,incorrect,chefer_relevance,mask,0.24912184476852417,0.4824724465608597
79,incorrect,chefer_relevance,delete,0.26701473593711855,0.005842316150665283
79,incorrect,random,mask,0.08155165910720825,0.44861178994178774
79,incorrect,random,delete,0.23442946076393129,0.09170047640800476
92,incorrect,raw_attention,mask,0.03792622685432434,0.481153604388237
92,incorrect,raw_attention,delete,0.013143110275268554,-0.04952636957168579
92,incorrect,attention_rollout,mask,0.07569605112075806,0.4259153038263321
92,incorrect,attention_rollout,delete,0.12031174898147583,-0.03566295504570007
92,incorrect,integrated_gradients,mask,0.0840552270412445,0.4156693577766418
92,incorrect,integrated_gradients,delete,-0.19128540754318238,-0.08124674558639526
92,incorrect,chefer_relevance,mask,0.1040116310119629,0.49540711045265196
92,incorrect,chefer_relevance,delete,0.03332797288894653,-0.10480643510818481
92,incorrect,random,mask,0.064465993642807,0.4858173966407776
92,incorrect,random,delete,0.14137062430381775,-0.01315363049507141
94,incorrect,raw_attention,mask,0.2943138748407364,0.5237412780523301
94,incorrect,raw_attention,delete,0.08601348400115967,0.19977466464042665
94,incorrect,attention_rollout,mask,0.3685696303844452,0.4957002341747284
94,incorrect,attention_rollout,delete,0.20137798190116882,-0.1515643835067749
94,incorrect,integrated_gradients,mask,0.4856904774904251,0.4276328027248383
94,incorrect,integrated_gradients,delete,0.5153111606836319,0.0263805091381073
94,incorrect,chefer_relevance,mask,0.5350519269704819,0.5234629899263382
94,incorrect,chefer_relevance,delete,0.45348173975944517,-0.058048474788665774
94,incorrect,random,mask,0.09038407802581787,0.5418185740709305
94,incorrect,random,delete,-0.04463784694671631,0.26365084052085874
