id,stratum,gold,bert_pred,bert_conf,llm_pred,llm_pconf,correct,stated_decision,decision_consistency,n_sentences,n_cited_sentences,rationale_frac,rationale_text,self_comp_delete,self_suff_delete,self_comp_mask,self_suff_mask,occ_comp_delete,occ_suff_delete,occ_comp_mask,occ_suff_mask,rand_comp_delete,rand_comp_mask,rand_suff_delete,rand_suff_mask
230,high_confidence_correct,no_violation,no_violation,0.9974564,no_violation,0.9895,1,no_violation,1,10,5,0.7272,"   Başvuru formu ve eklerinde ifade edildiği şekliyle ilgili olaylar özetle şöyledir: 1989 doğumlu olan başvurucu 1/10/2011 tarihinden beri çeşitli alt işverenler nezdinde (şirket) Pamukkale Üniversitesi Sağlık Araştırma ve Uygulama Merkezi Müdürlüğü (Kurum) bünyesinde veri giriş personeli olarak olarak çalışmakta iken 23/1/2017 tarihinde başvurucunun iş akdi feshedilmiştir.  Başvurucu, feshin geçersizliğinin tespitine ve işe iadesine karar verilmesi talepleriyle şirket ve Kurum aleyhine Denizli  İş Mahkemesi (Mahkeme) nezdinde 6/2/2017 tarihinde dava açmıştır.  Mahkeme 7/12/2017 tarihli kararıyla davanın reddine hükmetmiş; kararda 23/7/2016 tarihli ve 29779 sayılı Resmî Gazete'de yayımlanan 667 sayılı Olağanüstü Hal Kapsamında Alınan Tedbirlere İlişkin Kanun Hükmünde Kararname'nin  maddesi gereği başvurucunun işine son verildiği ve feshin geçerli sebebe dayandığı belirtilmiştir. Başvurucu, davanın reddi kararına karşı istinaf talebinde bulunmuş; talebi inceleyen Antalya Bölge Adliye Mahkemesi  Hukuk Dairesi 28/5/2018 tarihli kararıyla, eksik inceleme yapıldığı gerekçesiyle kararın kaldırılmasına ve dosyanın iadesine hükmetmiştir. Dosya kendisine geri gelen Mahkeme 26/11/2019 tarihli karar ile davanın reddine hükmetmiştir.",0.7502,-0.0053,0.7951,-0.0048,0.0029,-0.0084,0.0031,-0.0082,0.2171,0.1527,0.233,0.0977
294,high_confidence_correct,no_violation,no_violation,0.99725276,no_violation,0.9974,1,no_violation,1,11,5,0.5039," Başvuru, başvuru formu ve eklerinin idari yönden yapılan ön incelemesinden sonra Komisyona sunulmuştur. Komisyonca başvurunun kabul edilebilirlik incelemesinin Bölüm tarafından yapılmasına karar verilmiştir.   Başvuru formu ve eklerinde ifade edildiği şekliyle ve Ulusal Yargı Ağı Bilişim Sistemi (UYAP) aracılığıyla erişilen bilgi ve belgeler çerçevesinde olaylar özetle şöyledir:  İstanbul Anadolu Cumhuriyet Başsavcılığı 8/4/2013 tarihli iddianame ile başvurucu hakkında O.ye karşı hakaret ve tehdit suçlarını işlediği iddiasıyla cezalandırılması talebiyle kamu davası açmıştır. İstanbul (kapatılan) Anadolu  Sulh Ceza Mahkemesi 3/7/2014 tarihli karar ile dinlenen tanık beyanları ve dosya kapsamından başvurucunun tehdit suçundan beraatine ve müştekiye yönelik ""Apartmanı soydun hırsız defol"" gibi sözler nedeniyle hakaret suçundan 740 TL adli para cezası ile cezalandırılmasına karar vermiştir.",0.0044,-0.0001,0.0033,0.0005,0.1577,-0.0012,0.1012,-0.0011,0.164,0.1126,0.0197,0.0844
143,high_confidence_correct,no_violation,no_violation,0.9972519,no_violation,0.9983,1,no_violation,1,11,5,0.6178, Birinci Bölüm Üçüncü Komisyonunca başvurunun kabul edilebilirlik incelemesinin Bölüm tarafından yapılmasına karar verilmiştir.    Başvuru formu ve eklerinde ifade edildiği şekliyle ve Ulusal Yargı Ağı Bilişim Sistemi (UYAP) üzerinden ulaşılan bilgi ve belgelere göre ilgili olaylar özetle şöyledir: Datça Asliye Ceza Mahkemesinin 20/10/2010 tarihli kararıyla başvurucunun 221/7/1983 tarihli ve 2863 sayılı Kültür ve Tabiat Varlıklarını Koruma Kanunu'nun  maddesinin (b) bendinde düzenlenen sit alanlarında ve koruma alanlarında şartlara aykırı izinsiz inşai ve fiziki müdahalede bulunma suçundan 1 yıl 8 ay hapis ve 80 TL adli para cezası ile cezalandırılmasına karar verilmiştir. Anılan hüküm Yargıtay  Ceza Dairesinin 11/4/2014 tarihli kararıyla onanmıştır. Başvurucunun cezasının infazı devam ederken 2863 sayılı Kanun’un  maddesinin (a) ve (b) fıkraları Anayasa Mahkemesinin 11/4/2012 tarihli kararıyla iptal edilmiştir. İptal kararından sonra 8/10/2013 tarihli ve 6498 sayılı Kanun kabul edilmiş ve 11/10/2013 tarihinde Resmî Gazete’de yayımlanmıştır.,0.0001,0.0036,-0.0001,0.0058,0.1716,-0.0003,0.1175,-0.0005,0.0859,0.0941,0.0056,0.0089
471,high_confidence_correct,no_violation,no_violation,0.99721706,no_violation,0.9953,1,no_violation,1,11,3,0.3676," Olaylar  Başvuru formu ve eklerinde ifade edildiği şekliyle olaylar özetle şöyledir: Başvurucunun, İstanbul  Ağır Ceza Mahkemesinin 5/8/2013 tarih ve 2009/191 Esas, 2013/95 sayılı Kararıyla “Örgüt faaliyeti kapsamında kişisel verileri başkasına vermek ve Türkiye Cumhuriyeti İcra Vekilleri Heyetini cebren ıskat veya vazife görmekten men etmek” suçlarından toplam 13 yıl 6 ay 15 gün hapis cezası ile cezalandırılmasına karar vermiştir.   Başvurucu, hakkındaki yurt dışına çıkış yasağı tedbirinin kaldırılması talebinde bulunmuştur. İstanbul  Ağır Ceza Mahkemesi, 16/8/2013 tarihli kararıyla başvurucunun talebini reddetmiştir.",0.0028,-0.0016,0.0031,-0.0014,0.0205,-0.0009,0.015,-0.0004,0.1872,0.1063,0.0448,0.0215
438,high_confidence_correct,no_violation,no_violation,0.9971827,no_violation,0.9787,1,no_violation,1,10,5,0.3561," Komisyonca başvurunun kabul edilebilirlik incelemesinin Bölüm tarafından yapılmasına karar verilmiştir.  Başvurucu 7/10/2021 tarihinde ölmüştür.  Mahkeme 15/7/2014 tarihinde davayı kabul ederek krokide gösterilen alanda 763,35 TL bedel karşılığında geçit hakkı tesis edilmesine karar vermiştir. Yargıtay  Hukuk Dairesi (Daire) 3/11/2017 tarihinde kararı onamıştır. Karar düzeltme istemi de Dairece 5/11/2018 tarihinde reddedilmiştir.",0.0854,0.4436,0.0524,0.2181,0.3381,-0.0179,0.3345,-0.0167,0.1717,0.218,0.1191,0.1307
566,high_confidence_correct,no_violation,no_violation,0.99718153,no_violation,0.9974,1,no_violation,1,10,3,0.3788, Komisyonca başvurunun kabul edilebilirlik incelemesinin Bölüm tarafından yapılmasına ve başvurucunun adli yardım talebinin kabulüne karar verilmiştir.  Başvuru formu ve eklerinde ifade edildiği şekliyle ve Ulusal Yargı Ağı Bilişim Sistemi (UYAP) aracılığıyla erişilen bilgi ve belgeler çerçevesinde ilgili olaylar özetle şöyledir: Irak uyruklu başvurucu hakkında DEAŞ silahlı terör örgütünün üyesi olduğuna ilişkin istihbari bilgilerin bulunduğu gerekçesiyle Samsun Cumhuriyet Başsavcılığı tarafından soruşturma başlatılmış ve başvurucu 30/12/2019 tarihinde gözaltına alınmıştır. Başvurucu ifadesinin alınmasının ardından 7/1/2020 tarihinde serbest bırakılmıştır.,0.0112,0.0254,0.0126,0.0407,0.3081,0.0041,0.3712,0.0065,0.2553,0.2086,0.4284,0.3247
598,high_confidence_correct,no_violation,no_violation,0.99716645,no_violation,0.9959,1,no_violation,1,20,5,0.1826,"  Başvuru formu ve eklerinde ifade edildiği şekliyle olaylar özetle şöyledir: İstanbul Barosuna bağlı olarak serbest avukatlık yapmakta olan başvurucu, çok sayıda kişinin yargılandığı bir davanın sanıklardan H.İ.F.nin müdafilerinden biridir. Söz konusu davanın temyiz incelemesi Yargıtay  Ceza Dairesinde (Daire) yapılmıştır.",0.0043,0.3734,0.0023,0.3994,0.2741,0.0001,0.2901,0.0047,0.0154,0.0174,0.3337,0.5658
209,high_confidence_correct,no_violation,no_violation,0.9971239,no_violation,0.9959,1,no_violation,1,11,3,0.286,"   Başvuru formunda ifade edildiği şekliyle ve ilgili kamu makamlarından alınan bilgilere göre olaylar özetle şöyledir: Başvurucu, başvuru tarihinde 32 yaşında ve Bakırköy Dr. Sadi Konuk Araştırma Hastanesi Gebe Polikliniğinden (Hastane) alınan rapora göre 32 hafta 2 günlük gebedir.  Başvurucu, silahlı terör örgütüne üye olma suçunu işlediği iddiasıyla İstanbul Sulh Ceza Hâkimliğinin 13/3/2018 tarihli kararıyla tutuklanmış ve Bakırköy Kadın Kapalı Ceza İnfaz Kurumuna (Ceza İnfaz Kurumu) yerleştirilmiştir.",0.1201,0.0717,0.0982,0.0542,0.1854,-0.0003,0.1977,0.0059,0.0419,0.0662,0.2082,0.2279
552,high_confidence_correct,no_violation,no_violation,0.9970726,no_violation,0.9917,1,no_violation,1,12,5,0.4189," Başvuru, başvuru formu ve eklerinin idari yönden yapılan ön incelemesinden sonra Komisyona sunulmuştur. Komisyonca başvurunun kabul edilebilirlik incelemesinin Bölüm tarafından yapılmasına karar verilmiştir.   Başvuru formu ve eklerinde ifade edildiği şekliyle olaylar özetle şöyledir: Başvurucu, 2002 yılında yapılan Gümrük Müşavirliği Ön Eleme Sınavına katılmış ancak başarılı olamamıştır.  Başvurucunun açtığı dava sonucu başarısız sayılma işlemi Ankara  İdare Mahkemesinin 16/12/2004 tarihli kararı ile hatalı soruların olduğu gerekçesiyle iptal edilmiştir. İptal kararı üzerine çağrıldığı Gümrük Müşavirliği Mesleki Yeterlilik Sınavında başarılı olan başvurucu lehine gümrük müşavirliği izin belgesi düzenlenmiştir.",0.3333,-0.0032,0.3159,-0.0024,0.5034,-0.0063,0.48,-0.0051,0.1201,0.1479,0.2502,0.2687
40,high_confidence_correct,no_violation,no_violation,0.99703515,no_violation,0.9988,1,no_violation,1,11,5,0.5888," Komisyonca başvurunun kabul edilebilirlik incelemesinin Bölüm tarafından yapılmasına karar verilmiştir.    Başvuru formu ve eklerinde ifade edildiği şekliyle olaylar özetle şöyledir: Türkiye 15 Temmuz 2016 gecesi silahlı bir darbe teşebbüsüyle karşı karşıya kalmış ve Bakanlar Kurulu tarafından ülke genelinde 21/7/2016 tarihinden itibaren doksan gün süreyle olağanüstü hâl (OHAL) ilan edilmesine karar verilmiştir. Darbe teşebbüsüne ilişkin süreç, OHAL ilanı, OHAL döneminin gerektirdiği tedbirlere ilişkin detaylı açıklamalar Anayasa Mahkemesinin Aydın Yavuz ve diğerleri ([GK], B. No: 2016/22169, 20/6/2017, §§ 12-20, 47-66) kararında yer almaktadır. Söz konusu kararda da belirtildiği üzere 15 Temmuz darbe teşebbüsü sırasında ve sonrasında ülke genelinde Cumhuriyet başsavcılıklarının talimatı ile darbe girişimiyle bağlantılı ya da doğrudan darbe girişimiyle bağlantılı olmasa bile terör örgütü (Fetullahçı Terör Örgütü/Paralel Devlet Yapılanması, FETÖ/PDY) ile bağlantılı olduğu değerlendirilen çok sayıda kişi hakkında soruşturma başlatılmıştır.",0.0043,0.0093,0.0093,0.0145,0.2242,0.0003,0.1468,0.0008,0.2461,0.148,0.0431,0.0373
207,high_confidence_correct,no_violation,no_violation,0.99701416,no_violation,0.9991,1,no_violation,1,10,5,0.6458," Olaylar  Başvuru formu ve eklerinde ifade edildiği şekliyle ilgili olaylar özetle şöyledir: Başvurucu hakkında, Denizli Cumhuriyet Başsavcılığının 14/6/2013 tarihli iddianamesi ile hakaret suçundan kamu davası açılmıştır.(Kapatılan) Denizli  Sulh Ceza Mahkemesi 15/11/2013 tarihli kararı ile başvurucunun hakaret suçundan 11 ay 20 gün hapis cezası ile cezalandırılmasına ve hükmün açıklanmasının geri bırakılmasına karar vermiştir. Kararın gerekçesi şöyledir:"". Denizli Cumhuriyet Başsavcılığının iddianamesi, sanığın savunması, katılanın beyanı, nüfus ve adli sicil kaydı, bilirkişi raporu ve tüm dosya içeriğine göre;sanık Ahmet Bulaç aleyhine Denizli  İcra Hukuk Mahkemesinde dava açıldığı ve davanın sanık aleyhine sonuçlandığı, bunun üzerine sanığın farklı internet sitelerinde kendisi aleyhine dava açanlar hakkında beyanlarda bulunduğu, bu yayınların incelenmesinde,Denizli  İcra Hukuk Mahkemesi hakimi olarak görev yapan B.'ye karşı ""Hakim tüm bu olan bitene seyirci kaldı, hakimin göz yummasıyla magazinleştirilerek dosyanın şişirildiği"", ""Hakimin bir senede ancak taraf teşkil yapabildi"", ""deliller hiçe sayılarak",0.0258,0.1552,0.0337,0.1471,0.0125,0.0003,0.015,0.0001,0.3378,0.235,0.0046,0.0047
365,high_confidence_correct,no_violation,no_violation,0.99700207,no_violation,0.9985,1,no_violation,1,11,5,0.4711," Komisyonca başvurunun kabul edilebilirlik incelemesinin Bölüm tarafından yapılmasına karar verilmiştir.    Başvuru formu ve eklerinde ifade edildiği şekliyle ve Ulusal Yargı Ağı Bilişim Sistemi (UYAP) üzerinden ulaşılan bilgi ve belgelere göre ilgili olaylar özetle şöyledir: Diyarbakır 2 No.lu Devlet Güvenlik Mahkemesinin (DGM) 20/1/1994 tarihli kararıyla başvurucunun devletin hâkimiyeti altındaki topraklardan bir kısmını devlet idaresinden ayırmaya yönelik eylemlerde bulunmak suçundan müebbet hapis cezasıyla cezalandırılmasına karar verilmiştir. Karar, Yargıtay  Ceza Dairesinin 24/11/1994 tarihli kararıyla onanmıştır. Başvurucu tarafından yapılan yargılamanın yenilenmesi talebi Diyarbakır  Ağır Ceza Mahkemesinin (Mahkeme) 14/11/2008 tarihli ek kararıyla kabule değer bulunmayarak reddedilmiştir.",0.0149,0.0,0.0154,0.0002,0.0052,-0.0005,0.0072,-0.0006,0.2039,0.1162,0.0193,0.0793
271,high_confidence_correct,no_violation,no_violation,0.9969689,no_violation,0.99,1,no_violation,1,8,1,0.184,   Başvuru formu ve eklerinde ifade edildiği şekliyle ilgili olaylar özetle şöyledir: İstanbul  Ağır Ceza Mahkemesi 28/12/2010 tarihinde başvurucunun DHKP/C terör örgütüne üye olmak suçundan mahkûmiyetine hükmetmiştir.,0.0327,0.2265,0.0314,0.1771,0.0327,0.2265,0.0314,0.1771,-0.0002,-0.001,0.4969,0.3702
263,high_confidence_correct,no_violation,no_violation,0.99694425,no_violation,0.9993,1,no_violation,1,9,4,0.4258,"   Başvuru formu ve eklerinde ifade edildiği şekliyle olaylar özetle şöyledir: Başvurucu, Suriye Arap Cumhuriyeti vatandaşıdır.  İstanbul Valiliği Göç İdaresi Müdürlüğü tarafından 28/4/2017 tarihinde kamu güvenliği açısından tehdit oluşturduğu gerekçesiyle başvurucunun sınır dışı edilmesine karar verilmiştir.  Başvurucu tarafından 8/5/2017 tarihinde bireysel başvuruda bulunulmuştur.  Başvurucu 3/8/2017 tarihli dilekçesiyle bireysel başvurusundan feragat ettiğini ve gönüllü olarak ülkesine dönmek istediğini belirtmiştir.",0.0278,0.0026,0.0467,0.0032,0.0041,0.0001,0.0049,0.0007,0.0136,0.0184,0.3443,0.1385
1,high_confidence_correct,no_violation,no_violation,0.99693644,no_violation,0.9979,1,no_violation,1,10,5,0.6226," Olaylar Başvuru formu ve eklerinde ifade edildiği şekliyle olaylar özetle şöyledir: İstanbul Emniyet Müdürlüğü Trafik Denetleme Şube Müdürlüğü ekiplerince, 26/12/2012 tarihli ve GT-58573 seri numaralı trafik idari para cezası karar tutanağı ile 13/10/1983 tarihli ve 2918 sayılı Karayolları Trafik Kanunu’nun  maddesine istinaden başvurucu hakkında 319,00 TL idari para cezası kesilmiştir. Başvurucu tarafından, bahse konu idari para cezasının iptali için İstanbul Anadolu  Sulh Ceza Mahkemesine başvuruda bulunulmuş, Mahkemece 18/9/2013 tarihli ve 2013/427  İş sayılı karar ile başvurunun reddine karar verilmiştir.  Anılan karar, 30/3/2005 tarihli ve 5326 sayılı Kabahatler Kanunu’nun  maddesinin (10) numaralı fıkrası uyarınca ""Üçbin Türk Lirası dahil idarî para cezalarına karşı başvuru üzerine verilen kararlar"" kesin nitelikte olmasına rağmen itiraz yolu açık olmak üzere verilmiştir. Başvurucu, anılan karara karşı İstanbul Anadolu  Asliye Ceza Mahkemesine itiraz etmiştir. İstanbul Anadolu  Asliye Ceza Mahkemesinin 3/10/2013 tarihli ve 2012/323  İş sayılı kararıyla, itiraza konu karar kesin nitelikte olduğundan",0.1712,0.0635,0.1646,0.0598,0.1155,-0.0006,0.0562,-0.0005,0.1175,0.1227,0.0014,0.0024
68,high_confidence_correct,no_violation,no_violation,0.996935,no_violation,0.961,1,no_violation,1,11,5,0.5749," Başvuru, başvuru formu ve eklerinin idari yönden yapılan ön incelemesinden sonra Komisyona sunulmuştur. Komisyonca başvurunun kabul edilebilirlik incelemesinin Bölüm tarafından yapılmasına karar verilmiştir.  Başvurucunun eşi Zeliha İçyer ve çocukları olan diğer başvurucular 6/10/2017 tarihinde kayda giren dilekçeyle başvuruya devam etmek istediklerini bildirmiştir.    Başvuru formu ve eklerinde ifade edildiği şekliyle ilgili olaylar özetle şöyledir: Başvurucuların murisi Aydın İçyer, Tunceli'nin Ovacık ilçesi Eğrikavak köyünde ikamet etmekte iken 1994 yılında meydana gelen terör olayları neticesinde köyünün boşaltılmasıyla yerleşim yerinden göç etmek zorunda kaldığını iddia etmiş; 17/7/2004 tarihli ve 5233 sayılı Terör ve Terörle Mücadeleden Doğan Zararların Karşılanması Hakkında Kanun kapsamında zararlarının karşılanması talebiyle Tunceli Valiliği Terör ve Terörle Mücadeleden Doğan Zarar Tespit Komisyonuna (Komisyon) başvurmuştur. Komisyon 6/10/2009 tarihli kararıyla 653,23 TL ödenmesine karar vermiştir.",0.1678,-0.0193,0.181,-0.0023,0.6889,-0.027,0.67,-0.0292,0.2943,0.2028,0.0123,0.1317
127,high_confidence_correct,no_violation,no_violation,0.9969248,no_violation,0.9984,1,no_violation,1,10,4,0.6053," Olaylar Başvuru formu ve eklerinde ifade edildiği şekliyle ilgili olaylar özetle şöyledir: Başvurucu, 19/4/2012 tarihli ve 6292 sayılı Orman Köylülerinin Kalkınmalarının Desteklenmesi ve Hazine Adına Orman Sınırları Dışına Çıkarılan Yerlerin Değerlendirilmesi ile Hazineye Ait Tarım Arazilerinin Satışı Hakkında Kanun kapsamında zilyetliğinde bulundurduğu İzmir ili Torbalı ilçesinde bulunan taşınmazı satın almak amacıyla ilgili idarelere başvurmuş; İzmir Valiliği Defterdarlık Millî Emlak Dairesi Başkanlığınca kanuni indirimler sonrasında taşınmazın satış bedelinin 016,90 TL olduğu kendisine bildirilmiştir. Başvurucu, söz konusu bedele itiraz anlamında olmamak üzere güncel rayiç bedelin daha az olduğunu belirterek bilgi bakımından ve kanaat oluşturması açısından ilgili idarelerce durumun yeniden gözden geçirilmesi ve taşınmazın gerçek değerinin belirlenmesi amacıyla 29/7/2013 tarihinde Torbalı Asliye Hukuk Mahkemesine delil tespiti istemiyle başvuru yapmıştır. Torbalı  Asliye Hukuk Mahkemesi 30/7/2013 tarihli ve E.2013/165 Değişik İş sayılı kararla başvurucunun istemini reddetmiştir.",0.0018,0.0247,0.0015,0.019,0.0787,0.0028,0.0835,0.0023,0.271,0.2089,0.0071,0.0354
306,high_confidence_correct,no_violation,no_violation,0.99690175,no_violation,0.999,1,no_violation,1,10,4,0.5289," Olaylar Başvuru dilekçesindeki ilgili olaylar özetle şöyledir: Başvurucu, Silivri Cezaevi Jandarma Tabur Komutanlığında astsubay jandarma başçavuş olarak görev yapmaktadır. Başvurucu, Pülümür İlçe Jandarma Komutanlığı emrinde jandarma kıdemli üstçavuş olarak görev yaptığı sırada “daha önceden mesaiye katılması konusunda emir verilmesine rağmen 22/11/2008 tarihinde mesaiye katılmadığı” gerekçesiyle 22/11/2008 tarihinde 22/5/1930 tarih ve 1632 sayılı Askeri Ceza Kanunu’nun  maddesi uyarınca disiplin amiri tarafından üç gün oda hapsi cezası ile tecziye edilmiştir. Oda hapsi cezası başvurucuya 22/11/2008 tarihinde tebliğ edilmiş ve ceza 22/11/2008 ila 25/11/2008 tarihleri arasında infaz edilmiştir. Başvurucu, oda hapsi cezasının kaldırılması amacıyla 25/9/2012 tarihinde görev yapmakta olduğu Silivri Cezaevi Jandarma Tabur Komutanlığına şikâyet başvurusunda bulunmuştur.",0.0206,0.1072,0.0115,0.093,0.0013,0.0056,0.0013,0.0173,0.0018,0.0141,0.3758,0.2733
390,high_confidence_correct,no_violation,no_violation,0.996894,no_violation,0.9874,1,no_violation,1,8,5,0.6434," Başvuru, başvuru formu ve eklerinin idari yönden yapılan ön incelemesinden sonra Komisyona sunulmuştur. Komisyonca başvurunun kabul edilebilirlik incelemesinin Bölüm tarafından yapılmasına karar verilmiştir.    Başvuru formu ve eklerinde ifade edildiği şekliyle olaylar özetle şöyledir: Başvurucu Dernek; Ege Bölgesi'nde çevreyi, kültürel ve doğal varlıkları korumak amacıyla çalışmalarda bulunmak, bunların bozulmasına sebep olabilecek faaliyetler konusunda kamuoyunu bilgilendirmek ve söz konusu faaliyetleri önlemek için gerekli hukuksal yollara başvurmak, demokratik baskı grubu işlevini görmek amacıyla kurulmuş, merkezi İzmir/Konak'ta bulunan bir özel hukuk tüzel kişisidir.  Başvurucu Dernek 17/7/2018 tarihli 26939 sayılı Resmî Gazete'de yayımlanan Çevresel Etki Değerlendirilmesi Yönetmeliği'nin (Yönetmelik) bazı maddelerinin iptali istemiyle dava açmıştır. Dava dilekçesinde; Yönetmelik'in iptali istenen maddeleri tek tek gerekçeleri ile belirtildikten sonra Yönetmelik'te yer alan çevre tanımın eksik olduğu, bu eksikliğin Yönetmelik'in tamamını etkileyen bir unsur olduğu, dolayısıyla Yönetmelik'in amaç yönünden hukuka aykırı olduğu vurgulanmıştır.",0.1394,-0.0094,0.1222,-0.0092,0.3048,-0.0104,0.3116,-0.01,0.2459,0.1981,0.1448,0.1067
395,high_confidence_correct,no_violation,no_violation,0.99688905,no_violation,0.9962,1,no_violation,1,9,5,0.5066," A. Olaylar Başvuru dilekçesindeki ilgili olaylar özetle şöyledir: Başvurucu, 1950 doğumlu olup Adalet Bakanlığı Silivri Ceza İnfaz Kurumunda hüküm özlü olarak bulunmaktadır.  “Türkiye Cumhuriyeti Hükümetini cebren iskat veya vazife görmekten men etmeye teşebbüs etmek” suçunu işlediği iddiasıyla, İstanbul Cumhuriyet Başsavcılığınca hazırlanan 6/7/2010 tarih ve 2010/185 soruşturma, 2010/564 esas sayılı iddianame, İstanbul  Ağır Ceza Mahkemesince kabul edilerek başvurucu hakkında 19/7/2010 tarihinde kamu davası açılmıştır.  Başvurucunun, “dosyadaki delil durumu, kuvvetli suç şüphesini gösteren olguların bulunması, delillerin henüz tam olarak toplanılmamış oluşu, sanığın konumu itibariyle delillere etki yapma ihtimalinin olması, tanıkların henüz dinlenilmemiş oluşu, atılı suçun CMK. maddesinde belirtilen katalog suçlardan olması, belirtilen bu sebeplerle adli kontrol hükümler",0.2299,0.2745,0.1292,0.2531,0.0004,0.0038,0.0011,0.0129,0.0684,0.0363,0.1169,0.0403
165,low_confidence_correct,no_violation,no_violation,0.50824255,no_violation,0.5737,1,no_violation,1,21,1,0.0899,"Başvuru, taşınmazın koruma amaçlı uygulama imar planında arkeolojik sit alanı olarak belirlenmesi nedeniyle mülkiyet hakkının ihlal edildiği iddiasına ilişkindir.",0.1359,-0.067,0.1474,-0.0987,0.1359,-0.067,0.1474,-0.0987,0.1362,0.1016,0.1395,0.0732
520,low_confidence_correct,violation,violation,0.51631147,violation,0.6298,1,violation,1,14,1,0.1417,"Başvuru, öğretmen olan başvurucunun yöneticisi olduğu sendikanın kararı üzerine Millî Eğitim Bakanı'nın telekonferans konuşmasını dinlememesi ve alkışlı protesto etmesi nedeniyle disiplin cezası ile cezalandırılmasının örgütlenme özgürlüğünü ihlal ettiği iddiasına ilişkindir.",-0.0494,0.452,-0.0528,0.3021,0.5919,-0.1734,0.5459,-0.2057,-0.0308,-0.0113,0.1313,0.1688
612,low_confidence_correct,violation,violation,0.519494,violation,0.9173,1,violation,1,12,1,0.1549,"Başvurucu, hükümlü olarak bulunduğu ceza infaz kurumu tarafından, adına gönderilen Azadiya Welat gazetesinin (Gazete) bazı sayfalarının çıkartılarak gazeteye erişiminin engellenmesi nedeniyle ifade özgürlüğünün ihlal edildiğini ileri sürmüş ve tazminat talebinde bulunmuştur.",0.1268,0.1595,0.14,0.1538,0.1268,0.1595,0.14,0.1538,-0.0058,0.0131,0.1088,0.2502
9,low_confidence_correct,no_violation,no_violation,0.5229032,no_violation,0.6478,1,no_violation,1,9,1,0.1481,"Başvuru; devlet memurluğundan çıkarılma disiplin işleminin iptali istemiyle açılan davada ceza yargılaması dikkate alınmayarak karar verilmesi nedeniyle masumiyet karinesinin, yargılamanın uzun sürmesi nedeniyle makul sürede yargılanma hakkının ihlal edildiği iddialarına ilişkindir.",-0.0245,-0.0771,-0.0211,-0.0448,0.0476,-0.221,0.0551,-0.1627,0.1081,-0.0121,0.1563,0.0591
69,low_confidence_correct,violation,violation,0.5331677,violation,0.3739,1,violation,0,10,1,0.1537,"Başvuru, velayet altında bulunan başvurucuya bebeklik dönemi aşılarının uygulanması ebeveyn tarafından kabul edilmediği hâlde bu hususta Mahkemece sağlık tedbiri uygulanmasına karar verilmesi nedeniyle maddi ve manevi varlığın korunması ve geliştirilmesi hakkının ihlali iddiasına ilişkindir.",-0.4034,0.117,-0.398,0.0665,0.0252,-0.4721,0.0323,-0.4679,-0.0772,-0.0455,-0.0345,-0.1142
377,low_confidence_correct,no_violation,no_violation,0.53595144,no_violation,0.6077,1,no_violation,1,9,1,0.3203,"Başvurucular, ortak murislerinin maliki olduğu tarihi eser vasıflı taşınmazın kamu yararı olmaksızın kamulaştırıldığını, mülk sahiplerinin kendi mülklerini kendi imkânlarıyla yenileme haklarının ellerinden alındığını, kamulaştırma bedelinin tespiti ve tescil istemiyle açılan davada verilen kararda kamulaştırma bedelinin düşük tespit edildiğini, bilirkişi raporlarında yenileme projesinin görmezden gelindiğini ve mahkeme kararlarının gerekçesiz olduğunu belirterek adil yargılanma, mülkiyet ve konut dokunulmazlığı hakları ile Anayasa'nın  maddesinin ihlal edildiğini ileri sürmüşlerdir.",0.385,-0.1325,0.393,-0.1014,0.385,-0.1325,0.393,-0.1014,0.2061,-0.0068,0.3635,0.1894
144,low_confidence_correct,no_violation,no_violation,0.5362664,violation,0.6039,0,violation,1,10,1,0.1373,"Başvuru, avukat görüşlerinde bir görevlinin hazır bulundurulmasına, hükümlünün avukata verdiği veya avukatın hükümlüye verdiği belgenin incelenmesine ve görüşmenin kaydedilmesine yönelik karar nedeniyle özel hayata saygı hakkının ihlal edildiği iddiasına ilişkindir.",0.0264,0.015,0.0226,-0.0185,0.0688,-0.1992,0.0961,-0.2316,-0.0801,-0.0592,0.0846,0.1091
501,low_confidence_correct,violation,violation,0.5402931,no_violation,0.8267,0,no_violation,1,8,5,0.6918," Başvurucu hakkında bahsi geçen eylemi nedeniyle disiplin soruşturması başlatılmıştır. Yapılan soruşturmada başvurucunun eylemi, 4/11/1981 tarihli ve 2547 sayılı Yükseköğretim Kanunu'nun  maddesi ile  maddesinin (a) fıkrasının (9) numaralı bendine dayanılarak hazırlanan 18/8/2012 tarihli ve 28388 sayılı Resmî Gazete'de yayımlanan Yükseköğretim Kurumları Öğrenci Disiplin Yönetmeliği'nin disiplin suç ve cezalarına ilişkin maddeleri kapsamında değerlendirilmiştir. Nihayetinde başvurucunun kınama cezası ile cezalandırılmasına karar verilmiştir. Başvurucu, söz konusu disiplin cezasının iptali istemiyle İdare Mahkemesinde dava açmıştır. Yargılama neticesinde Mahkeme, anılan Yönetmelik'te izinsiz olarak pankart açma fiilinin disiplin cezası verilebilmesi için yeterli kabul edildiğini, başvurucunun da eylemi gerçekleştirdiğini kabul ettiğini belirterek davanın reddine karar vermiştir.",-0.1628,0.0235,-0.1123,0.0661,0.5758,-0.1561,0.5874,-0.1566,0.321,0.2961,0.0164,0.0066
565,low_confidence_correct,violation,violation,0.5422655,violation,0.7058,1,violation,1,16,1,0.1458,"Başvuru, koruyucu aile statüsünün kaldırılmasına ilişkin kararın iptal edilmesi talebiyle açılan davanın sürüncemede bırakılmaması ve çocuklara karşı önleyici nitelikte tedbir kararı verilmesi nedenleriyle aile hayatına saygı hakkının ihlal edildiği iddiasına ilişkindir.",0.1629,0.0439,0.159,0.0232,0.6049,-0.0974,0.6685,-0.1297,0.0674,0.0944,0.2862,0.2043
407,low_confidence_correct,violation,violation,0.54547197,no_violation,0.3107,0,no_violation,0,3,1,0.1629, Başvuru 22/8/2019 tarihinde süresinde yapılmıştır.,-0.017,-0.3753,0.0197,-0.3371,-0.017,-0.3753,0.0197,-0.3371,0.0175,-0.0369,-0.1348,-0.2735
400,low_confidence_correct,violation,violation,0.5526353,violation,0.8903,1,violation,1,12,5,0.3638,"Başvuru, işe iade talebiyle açılan davada gerekçeli kararın geç yazılması sebebiyle makul sürede yargılanma hakkının ihlal edildiği iddiasına ilişkindir.  Bunun üzerine başvurucu, Ankara  İş Mahkemesinde (Mahkeme) 28/6/2016 tarihinde işe iade talebiyle dava açmıştır. Mahkeme 6/9/2017 tarihinde davanın kabulüne ve başvurucunun işe iadesine karar vermiştir. Başvurucu geçen süreye rağmen gerekçeli kararın yazılmadığını belirterek kararın yazılması için 18/5/2018 tarihinde Mahkemeye dilekçe vermiştir. Mahkeme, gerekçeli kararı 7/1/2019 tarihinde yazmıştır.",0.1845,0.2789,0.1813,0.1383,0.2354,-0.027,0.2389,-0.074,0.0355,0.054,0.3654,0.4647
462,low_confidence_correct,violation,violation,0.55377954,violation,0.5234,1,violation,1,15,1,0.1051,"Başvuru, komşu parselde bulunan ruhsata aykırı yapıyı idarenin yıkmamasından dolayı taşınmazın rayiç bedelinin altında satılması nedeniyle mülkiyet hakkının ihlal edildiği iddiasına ilişkindir.",0.0312,-0.1136,0.0156,-0.1455,0.5207,-0.2697,0.5204,-0.3142,-0.0093,-0.0115,0.0747,0.1215
660,low_confidence_correct,no_violation,no_violation,0.55472136,violation,0.5775,0,violation,1,16,1,0.1136,"Başvuru, öğretmen olan başvurucunun üyesi olduğu sendikanın çağrısı üzerine iki gün göreve gitmemesi nedeniyle aylıktan kesme cezası ile cezalandırılmasının örgütlenme özgürlüğünü ihlal ettiği iddiasına ilişkindir.",-0.0076,0.4808,-0.0076,0.2,0.1397,-0.2257,0.1664,-0.258,-0.0514,-0.0721,0.0402,0.1027
252,low_confidence_correct,violation,violation,0.5588718,violation,0.7607,1,violation,1,14,1,0.1441,"Başvuru, işçi alacağının ödenmesi için düzenlenen gösteriye katılan başvurucular hakkında idari para cezası verilmesinin suç ve cezaların kanuniliği ilkesi ile başvurucuların toplantı ve gösteri yürüyüşü düzenleme hakkını ihlal ettiği iddialarına ilişkindir.",0.0647,0.0849,0.0581,0.0175,0.0849,-0.0425,0.068,-0.0748,0.0632,0.067,0.1542,0.2201
465,low_confidence_correct,violation,violation,0.5659369,violation,0.8007,1,violation,1,28,1,0.102,"Başvuru, tıbbi hata sonucu meydana gelen ölüm olayı üzerine açılan tazminat davasının makul sürede sonuçlandırılmaması nedeniyle yaşam hakkının ihlal edildiği iddiasına ilişkindir.",0.1284,0.1673,0.1493,0.1284,0.1284,0.1673,0.1493,0.1284,0.0761,0.0761,0.349,0.3922
526,low_confidence_correct,violation,violation,0.5671278,violation,0.5622,1,violation,1,15,1,0.1047,"Başvuru, Anayasa Mahkemesinin ihlal kararına dayanılarak yapılan yargılamanın yenilenmesi talebinin reddedilmesi nedeniyle hakkaniyete uygun yargılanma hakkının ihlal edildiği iddiasına ilişkindir.",0.1128,0.5422,0.1128,0.5477,0.2614,-0.241,0.2808,-0.2733,0.0116,0.0335,0.1125,0.1057
475,low_confidence_correct,violation,violation,0.567876,no_violation,0.4149,0,no_violation,0,12,1,0.1597,"Başvuru, devlet memurluğundan çıkarılma işleminin iptali istemiyle açılan davada, hükmün açıklanmasının geri bırakılması kararı ile sonuçlanan ceza yargılaması ve bu yargılama sonucu ulaşılan sonuç esas alınarak karar verilmesi nedeniyle masumiyet karinesinin ihlal edildiği iddiasına ilişkindir.",-0.1124,-0.089,-0.1085,-0.0539,0.0838,-0.3192,0.0838,-0.3514,-0.0202,-0.0784,-0.2548,-0.3573
104,low_confidence_correct,violation,violation,0.5689565,violation,0.6723,1,violation,1,12,1,0.1143,Başvuru; tutuklu olarak farklı ceza infaz kurumlarında bulunan eşlerin birbirleriyle yeterli şekilde iletişim kuramamaları nedeniyle aile hayatına saygı hakkının ihlal edildiği iddiasına ilişkindir.,0.2384,-0.0302,0.2574,-0.0269,0.2384,-0.0302,0.2574,-0.0269,0.0524,0.1174,0.2499,0.3514
334,low_confidence_correct,violation,violation,0.57335,violation,0.7025,1,violation,1,8,1,0.1006,"Başvuru, yurt dışına çıkış yasağı şeklindeki adli kontrol tedbirine karar verilmesi nedeniyle özel hayata ve aile hayatına saygı hakkının ihlal edildiği iddiasına ilişkindir.",0.5106,0.0949,0.4956,0.1212,0.5106,0.0949,0.4956,0.1212,0.1157,0.1709,0.3701,0.4167
134,low_confidence_correct,violation,violation,0.58385974,no_violation,0.7578,0,no_violation,1,10,2,0.1994," Komisyon, adil yargılanma hakkı dışındaki şikâyetlerin kabul edilemez olduğuna, anılan hakka ilişkin şikâyetin kabul edilebilirlik incelemesinin Bölüm tarafından yapılmasına karar vermiştir.  Soruşturma neticesinde Başsavcılık, başvurucunun silahlı terör örgütüne üye olma suçundan cezalandırılması talebiyle 19/10/2017 tarihli iddianame düzenlemiştir.",0.1064,0.2149,0.0392,0.1918,0.0488,-0.227,0.0298,-0.2206,0.157,0.0209,0.0032,-0.0222
3,incorrect,no_violation,violation,0.6591262,violation,0.4922,0,violation,0,13,2,0.3485,"Başvuru, tescil edilmiş taşınmaza ilişkin tapu senetlerinin kadastro çalışmasında uygulanamayan tapu kayıtları listesine alınması ve tapu siciline güvenilerek satın alınan taşınmazın Hazine adına kaydı nedeniyle uğranılan zararın tazmin edilmemesi nedenleriyle mülkiyet haklarının ihlal edildiği iddialarına ilişkindir.  Olaylar Başvuru formu ve eklerinde ifade edildiği şekliyle ilgili olaylar özetle şöyledir: Antalya ili merkez Zeytinköy’de (Çamköy) bulunan taşınmaza ait Nisan 1320 ve Nisan 1325 tarihli kayıtların paylı olması nedeniyle açılan ve Hazinenin taraf olmadığı izaleyi şüyu davasında Antalya Sulh Hukuk Mahkemesi E.",-0.254,0.2775,-0.22,0.3574,0.3574,-0.433,0.3381,-0.4477,-0.0988,0.0875,-0.2736,-0.1515
7,incorrect,no_violation,violation,0.5828156,violation,0.3277,0,violation,0,16,1,0.1773,"Başvuru, arsa payı karşılığı inşaat sözleşmesi kapsamında yükleniciye düşen yükümlülüklerin yerine getirilmediği gerekçesiyle yükleniciden satın alınan bağımsız bölümlere ait tapu kayıtlarının arsa sahipleri tarafından açılan dava neticesinde iptal edilmesi nedeniyle mülkiyet hakkının ihlal edildiği iddiasına ilişkindir.",-0.4301,0.0768,-0.4301,0.094,0.0302,-0.4755,0.0335,-0.5078,-0.1778,-0.1196,-0.3,-0.2252
25,incorrect,no_violation,violation,0.948308,violation,0.8652,0,violation,1,12,1,0.1206,"Başvuru, iş kazasından kaynaklanan maddi ve manevi zararın tazmini talebiyle açılan davada yargılamanın makul sürede sonuçlanmaması nedeniyle adil yargılanma hakkının ihlal edildiği iddiasına ilişkindir.",0.1998,0.2464,0.2103,0.2174,0.8546,0.0721,0.8558,0.0276,-0.0101,-0.0035,0.4149,0.3937
30,incorrect,no_violation,violation,0.5035805,no_violation,0.3107,1,no_violation,0,12,1,0.0811, Başvurucunun gözaltında tutulduğu tarihlerde yürürlükte olan mevzuata göre gözaltı süresinde şüphelilere avukata erişim imkânı tanınmamaktadır.,-0.0067,-0.1776,-0.017,-0.3227,0.0261,-0.49,0.0261,-0.5022,-0.0084,-0.0593,-0.2615,-0.2973
39,incorrect,no_violation,violation,0.87871355,violation,0.6826,0,violation,1,12,1,0.1463,"Başvuru, sosyal medya hesaplarındaki paylaşım ve beğeniler nedeniyle işveren ile aralarındaki güven ilişkisinin bozulduğu gerekçesiyle başvurucuların iş sözleşmelerinin feshedilmesinin ifade özgürlüklerini ihlal ettiği iddiasına ilişkindir.",0.0102,0.2409,0.0068,0.1089,0.0137,0.0861,0.0172,0.0975,0.0171,-0.0008,0.3189,0.3804
50,incorrect,no_violation,violation,0.6806049,violation,0.4533,0,violation,0,13,1,0.0693,Başvuru servis aracı plakası için ruhsat bedeli talep edilmesi nedeniyle mülkiyet hakkının ihlal edildiği iddiasına ilişkindir.,0.0384,-0.0039,0.0154,-0.0467,0.1324,-0.3499,0.1392,-0.3822,-0.025,-0.0432,-0.0755,-0.0523
54,incorrect,no_violation,violation,0.5710504,no_violation,0.6002,1,no_violation,1,11,5,0.2369," Başvurucular, başvuruya konu olayların yaşandığı tarihte çeşitli okullarda öğretmen olarak görev yapmaktadır. Başvurucular, Eğitim ve Bilim Emekçileri Sendikası (EĞİTİM-SEN) üyesidir. 2015 yılı Haziran ayından itibaren yoğun bir şekilde maruz kalınan terör eylemleriyle mücadele kapsamında bazı ilçelerde sokağa çıkma yasağı ilan edilmiştir (arka plan bilgisi için bkz. Dilek Kaya, B. No: 2018/14313, 17/7/2019, §§ 8-11).",-0.0149,-0.1877,0.0227,-0.1798,0.1891,-0.1088,0.2116,-0.0756,0.1182,-0.0374,0.1341,0.0708
58,incorrect,no_violation,violation,0.54069984,no_violation,0.6077,1,no_violation,1,9,2,0.229, Yargılama sonucunda mahkeme 26/4/2016 tarihinde başvurucuyu 10 ay hapis cezasına mahkûm etmiş ancak verilen hükmün açıklanmasını geri bırakmıştır (HAGB).   HAGB kararına yapılan itiraz ağır ceza mahkemesince 10/5/2016 tarihinde reddedilmiştir.,0.3626,-0.3735,0.374,-0.3639,0.3508,-0.3556,0.2696,-0.3635,-0.0732,-0.0452,-0.063,-0.1165
59,incorrect,no_violation,violation,0.56843394,violation,0.7025,0,violation,1,11,1,0.0898,"Başvuru, hizmet tespiti davasında usul ve kanuna aykırı karar verilmesi ve yargılamanın uzun sürmesi nedeniyle adil yargılanma hakkının ihlal edildiği iddialarına ilişkindir.",0.0728,0.3396,0.0655,0.4083,0.4632,-0.1006,0.4744,-0.133,0.0209,0.0467,0.1789,0.2742
70,incorrect,no_violation,violation,0.51559913,violation,0.461,0,violation,0,12,1,0.1864,"Başvuru; iş sözleşmesinde kararlaştırılan cezai şartın tazmini istemi ile açılan davanın Yargıtay daireleri arasındaki görüş farklılıkları ortadan kaldırılmadan aleyhe sonuçlandırılması nedeniyle hakkaniyete uygun yargılanma hakkının, yargılamanın uzun sürmesi nedeniyle de makul sürede yargılanma hakkının ihlal edildiği iddialarına ilişkindir.",-0.1903,0.1299,-0.1974,0.1088,0.147,-0.3422,0.2965,-0.3745,0.0114,0.0344,-0.0287,0.0739
18,incorrect,violation,no_violation,0.6085175,no_violation,0.6993,0,no_violation,1,11,1,0.2115,"Başvuru, besicilik faaliyeti yürütülen taşınmazın kısmen kamulaştırılması sonucunda besicilik yapma imkânının ortadan kalktığı ileri sürülerek açılan tazminat davasının reddedilmesi nedeniyle mülkiyet hakkının, İlk Derece Mahkemesi kararının gerekçesiz olması ve yargılamanın makul sürede sonuçlanmaması nedenleriyle adil yargılanma hakkının ihlal edildiği iddialarına ilişkindir.",0.1875,-0.1547,0.1836,-0.166,0.1875,-0.1547,0.1836,-0.166,0.1756,0.0718,0.3739,0.245
19,incorrect,violation,no_violation,0.73477364,violation,0.6039,1,violation,1,12,1,0.1399,"Başvurucu, gerekçesiz kararlarla tutukluluk halinin devamına karar verilmesi ilgisiz kişi ve suçlara ilişkin yargılamanın birlikte ve görevli olmayan mahkemece yürütülmesi nedeniyle Anayasa’nın ,  ve  maddelerinin ihlal edildiğini ileri sürmüştür.",0.0572,0.4168,0.0379,0.3945,0.0572,0.4168,0.0379,0.3945,0.0124,0.071,0.2158,0.2952
23,incorrect,violation,no_violation,0.6543474,no_violation,0.9784,0,no_violation,1,8,4,0.5482, Başvurucunun aile mahkemesi sıfatıyla Kemer  Asliye Hukuk Mahkemesinde (Mahkeme) görülmekte olan boşanma davasında talep ettiği gizlilik kararı Mahkemece 13/2/2019 tarihinde kabul edilmiş ve dosyada gizlilik kararı alınmıştır. Mahkeme 15/10/2019 tarihli duruşmada dosyanın mevcut durumunu gözönüne alarak gizlilik kararının kaldırılmasına karar vermiştir. Başvurucunun dosyada gizlilik kararı alınmasına ilişkin yeniden yaptığı talep 12/1/2021 tarihli duruşmada reddedilmiştir. Mahkeme 19/10/2021 tarihinde asıl davanın kabulüne karar vermiştir.,0.8284,-0.0175,0.8323,-0.016,0.0367,-0.0178,0.044,-0.0168,0.452,0.4012,0.1116,0.1426
42,incorrect,violation,no_violation,0.9149321,no_violation,0.9315,0,no_violation,1,13,1,0.1703,"Başvuru; kanuna aykırı şekilde telefon sinyal bilgilerinin değerlendirilmesi ve iletişimin tespiti tedbirlerine başvurulması nedenleriyle haberleşme hürriyetinin, hukuka aykırı olarak elde edilen delillere dayanılarak mahkûmiyet kararı verilmesi nedeniyle adil yargılanma hakkının ihlal edildiği iddialarına ilişkindir.",0.4237,0.0118,0.4354,0.0073,0.4237,0.0118,0.4354,0.0073,0.1601,0.0551,0.5492,0.4976
47,incorrect,violation,no_violation,0.77129287,no_violation,0.728,0,no_violation,1,11,1,0.108,"Başvuru; memuriyet unvanının ve ek göstergenin değiştirilmesi nedeniyle mülkiyet hakkının, yargılamanın uzun sürmesi nedeniyle de makul sürede yargılanma hakkının ihlal edildiği iddialarına ilişkindir.",0.267,-0.0383,0.267,-0.0466,0.267,-0.0383,0.267,-0.0466,0.0514,0.0719,0.1678,0.0831
55,incorrect,violation,no_violation,0.8454998,no_violation,0.7341,0,no_violation,1,12,1,0.1887,"Başvuru, toplantı ve gösteri yürüyüşü sırasında faili meçhul kişiler tarafından yaralanması sebebiyle yaşam hakkının; manevi tazminat talebinin süresinde yapılmadığından reddedilmesi, yargılamanın makul sürede sonuçlandırılmaması ve aleyhe hükmedilen vekâlet ücreti nedenleriyle adil yargılanma hakkının ihlal edildiği iddialarına ilişkindir.",0.5298,-0.0787,0.5141,-0.0432,0.5298,-0.0787,0.5141,-0.0432,0.2399,0.0907,0.1774,0.1731
71,incorrect,violation,no_violation,0.6486405,no_violation,0.6619,0,no_violation,1,11,5,0.4641," Başvurucu Balıkesir'in Gönen ilçesi Kurtuluş Mahallesi 595 ada 23 parsel (yeni hâliyle 1603 ada 12 parsel) sayılı taşınmazın hisseli malikidir. Taşınmazda ilk kez Gönen Belediye Encümeninin 18/7/2002 tarihli kararı ile parselasyon işlemi yapılmıştır. Yapılan parselasyon işlemi komşu taşınmaz malikinin açtığı davanın sonucunda Bursa  İdare Mahkemesince 6/12/2005 tarihinde iptal edilmiş ve bu kararı Danıştay 16/5/2008 tarihinde onamıştır. Söz konusu iptal kararı üzerine uyuşmazlık konusu taşınmazı da kapsayan alanda Belediye Meclisi 3/11/2008 tarihinde imar planını değiştirmiş, sonrasında 25/3/2010 tarihinde Encümen kararıyla yeniden parselasyon işlemi yapmıştır. Bu parselasyon işlemini de Balıkesir  İdare Mahkemesi (Mahkeme) 29/2/2016 tarihinde iptal etmiştir.",0.1814,-0.2427,0.1853,-0.2284,0.1814,-0.2427,0.1853,-0.2284,0.0021,-0.051,-0.0026,-0.1354
79,incorrect,violation,no_violation,0.77065265,no_violation,0.4036,0,no_violation,0,12,1,0.086,"Başvuru, aksi ispat edilemeyen karinelerden yararlanılarak idari para cezası verilmesi nedeniyle masumiyet karinesinin ihlal edildiği iddiasına ilişkindir.",-0.2335,-0.1586,-0.2226,-0.1315,0.0585,-0.3542,0.0549,-0.1701,-0.0753,-0.0997,-0.0661,-0.1572
92,incorrect,violation,no_violation,0.7171125,no_violation,0.8706,0,no_violation,1,11,2,0.2192,Başvuru; hukuka aykırı gözaltı tedbiri için açılan tazminat davasında yetersiz tazminata hükmedilmesi nedeniyle kişi hürriyeti ve güvenliği hakkının ve adil yargılanma hakkının ihlal edildiği iddialarına ilişkindir.  Başvurucuların tutuklanma talebi Sulh Ceza Hâkimliği kararıyla reddedilmiş ve başvurucular adli kontrol altına alınarak 17/7/2016 tarihinde serbest bırakılmışlardır.,-0.0943,-0.0568,-0.0937,-0.0805,0.2372,-0.1281,0.2264,-0.1278,0.0129,0.0181,0.2637,0.1673
94,incorrect,violation,no_violation,0.7656293,violation,0.363,1,violation,0,27,1,0.1188,"Başvuru, yerel bir gazetede yayımlanan haber nedeniyle aleyhe tazminata hükmedilmesinin ifade hürriyetini; karara karşı temyiz hakkı tanınmamasının da adil yargılanma hakkını ihlal ettiği iddiasına ilişkindir.",-0.3024,0.1509,-0.3094,0.1293,0.3354,-0.4402,0.3328,-0.4725,-0.0517,-0.0437,-0.1295,-0.0957
